health_facility:type,shop,amenity,contact:phone,healthcare_1,healthcare:speciality,medical_system:western,addr:street:it,social_facility,addr:unit,official_name,height,loc_name,email_1,wikidata,name:it,lon,social_facility:for,operator,air_conditioning,phone_1,addr:housenumber,note,short_name,religion,building:levels,opening_hours,operator:type,addr:housename,name:de,access,source,contact:mobile,ref:anncsu,it:fvg:ctrn:code,addr:street,email,website,ref:vatin,fax,addr:hamlet,description,emergency,contact:email,addr:province,addr:street:de,fence_type,fixme,leisure,denomination,barrier,phone,old_name,lat,area,roof:shape,level,indoor,addr:city,building,building:colour,min_level,contact:fax,name,addr:inclusion,addr:postcode,wheelchair,addr:interpolation,addr:place,it:fvg:ctrn:revision,start_date,source:geometry,max_level,healthcare,room,source:addr,addr:country,alt_name
,,clinic,,,,,,,,,,,,,,8.5270786,,,,,,,,,,,,,,,,,,,,,,,,,,,,,,,,,,,,,39.1666520,,,,,,yes,,,,A.S.L. 7,,,,,,,,,,,,,,
,,clinic,,,,,,,,,,,,,,13.2196949,,,,,,,,,,,,,,,,,,,,,,,,,,,,,,,,,,,,,46.2181177,,,,,,,,,,A.S.S. 4 Medio Friuli - Distretto sanitario di Tarcento,,,,,,,,,,,,,,
clinic,,clinic,,,,yes,,,,Azienda Sanitaria Locale della provincia di Como,,,,,,9.0426257,,Azienda Ospedaliera Ospedale S. Anna,,,2,,ASL,,,,,,,,,,,,Via del rampanone,,,,,,,no,,,,,,,,,+39 02 96777069,,45.6980676,,,,,Lomazzo,yes,,,,ASL,actual,22074,,even,,,,,,centre,,,IT,
,,clinic,,,,,,,,,,,,,,7.8864796,,,,,,,,,,,,,,,,,,,,,,,,,,,,,,,,,,,,,45.3808410,,,,,,,,,,ASL,,,,,,,,,,,,,,
,,clinic,,,,,,,,,,,,,,16.7807940,,,,,,,,,,,,,,,,,,,,,,,,,,,,,,,,,,,,,39.1569956,,,,,,yes,,,,ASL,,,,,,,,,,,,,,
,,clinic,,,,,,,,,,,,,ASL 1 Avenza,10.0574836,,,,,,,,,,,,,,,,,930,,,,,,,,,,,Massa-Carrara,,,,,,,,,44.0486122,,,,,Carrara,,,,,ASL 1 Avenza,,54033,,,,,,,,,,,IT,
,,clinic,,,,,,,,,,,,,,18.0146624,,,,,,,,,,,,,,,,,,,,,,,,,,,,,,,,,,,,,40.4030217,,,,,,,,,,ASL Lecce DSS Campi Salentina,,,,,,,,,,,,,,
,,clinic,,,,,,,,,,,,,,7.6346268,,,,,,,,,,,,,,,,,,,,,,,,,,,,,,,,,,,,,45.0647591,,,,,,yes,,,,ASL TO1 - Presidio Distretto 3,,,,,,,,,,,,,,
,,clinic,,,,,,,,,,,,,,15.3053794,,,,,,,,,,,,,,,,,,,,,,,,,,,,,,,,,,,,,37.8798274,,,,,,yes,,,,ASL guardia medica,,,,,,,,,,,,,,
,,clinic,,,,,,,,,,,,,,15.2411822,,,,,,,,,,,,,,,,,,,,,,,,,,,,,,,,,,,,,38.2260270,,,,,,yes,,,,ASP,,,,,,,,,,,,,,
,,clinic,,,,,,,,,,,,,,14.8291067,,,,,,,,,,,,,,,,,,,,,,,,,,,,,,,,,,,,,41.4796592,,,,,,yes,,,,ASReM Distretto Sanitario Riccia,,,,,,,,,,,,,,
,,clinic,,,,,,,,,,,,,,8.8241389,,,,,18,,,,,,,,,,,,,,Via Roma,,,,,,,,,,,,,,,,,,45.7804796,yes,,,,,,,,,ASST dei Sette Laghi - Gazzada Schianno,,,,,,,,,,,,,,
,,clinic,,,,,,,,,,,,,,11.9251800,,USL,,,,,,,,,,,,,,,,,,,,,,,,,,,,,,,,,,,42.5348892,,,,,,hospital,,,,AVIS-Centro Antidiabete,,,,,,,,,,,,,,
,,clinic,,,radiology;outpatient_specialist;diagnostica_per_immagini,,,,,,,,,,,9.4395271,,,,,2,,,,,,,,,,,,,,Via della Filanda,,,,,,,,,,,,,,,,,,45.5434472,,,,,Gessate,yes,,,,Affidea Centro Diagnostico Martesana,,20060,,,,,,,,clinic,,,,
,,clinic,,,,,,,,,,,,,,8.6329890,,,,,,,,,,,,,,,,,,,,,,,,,,,,,,,,,,,,,45.6667358,,,,,,yes,,,,Ambulatori Comunali,,,,,,,,,,,,,,
,,clinic,,,,,,,,,,,,,,9.6441110,,,,,,,,,,,,,,,,,,,,,,,,,,,,,,,,,,,,,45.3373060,,,,,,,,,,Ambulatorio,,,,,,,,,,,,,,
,,clinic,,,,,,yes,,,,Cassa Mutua,,,,16.3141972,,,,,,,,,,,,,,,,,,,Piazza Elvidio Borelli,,,,,,,no,,,,,,,,,+39 0968 2081,,38.9707502,,,,,,yes,,,,Ambulatorio ASP,,,,,,,,,,,,,,
,,clinic,,,,,,,,,,,,,,14.7556015,,,,,,,,,,,,,,,,,,,Via Trotula de Ruggiero,,,,,,,,,,,,,,,,,,40.6811681,,,,,Salerno,yes,,,,Ambulatorio Geriatrico,,,,,,,,,,,,,,
,,clinic,,,,,,,,,12 m,,,,,13.2497599,,Comitato Cri di Udine,,,31,,,,,,,,,,,,,4AED,Via Pastrengo,comitato@criudine.it,,,,,,,,,,,,,,,+39 0432 530848,,46.0617317,,,,,,yes,,,,Ambulatorio Infermieristico,,,,,,1A0,,,,,,,,
,,clinic,,,,,,,,,,,,,,12.8544109,,,,,,,,,,,,,,,,,,,,,,,,,,,,,,,,,,,,,43.7951132,,,,,,yes,,,,Ambulatorio Medico,,,,,,,,,,,,,,
,,clinic,,,,,,,,,,,,,,13.4642744,,,,,,,,,,,,,,,,,,,,,,,,,,,,,,,,,,,,,42.3216516,,,,,,yes,,,,Ambulatorio Medico,,,,,,,,,,,,,,
,,clinic,,,,,,,,,,,,,,11.8261215,,,,,,,,,,,,,,,,,,,Via Roma,,,,,,,,,,,,,,,,,,45.2863285,,,,,Due Carrare,yes,,,,Ambulatorio Medico,,35020,,,,,,,,,,,,
,,clinic,,,,,,,,,,Ambulatorio del Serro,,,,8.9009010,,Cooperativa SABA,,,9,,,,,,,,,,,,,,Salita da Serro a Morego,morego@coopsaba.it,https://www.ambulatoriomorego.it/,,,,,,,,,,,,,,+39 010 098 7850,,44.4755925,,,,,Genova,hospital,,,,Ambulatorio Morego - San Quirico,,16163,,,,,,,,clinic,,,,Ambulatorio Morego
,,clinic,,,,,,,,,,,,,,9.2326359,,Azienda Socio Sanitaria Territoriale di Vimercate,,,12,,,,,Mo-Fr 09:00-16:00; We off,,,,,,,,,Via Gaetano Donizetti,,,,,,,,,,,,,,,,,,45.6781540,,,,,,,,,,Ambulatorio Psichiatrico di Carate Brianza,,,,,,,,,,clinic,,,,
,,clinic,,,,,,,,,,,,,,9.7872954,,,,,,,,,,,,,,,,,,,,,,,,,,,,,,,,,,,,,45.5373289,,,,,,,,,,Ambulatorio medico,,,,,,,,,,,,,,
,,clinic,,,,,,,,,,,,,,14.1946201,,,,,,,,,,,,,,,,,,,Viale della Libertà,,,,,,,,,,,,,,,,,,40.9611351,,,,,Lusciano,yes,,,,Analisi Cliniche Nobisso,,81030,,,,,,,,,,,,
,,clinic,,,,,,,,,,,,,,9.1551457,,,,,,,,,,,,,,,,,,,,,,,,,,,,,,,,,,,,,45.5728060,,,,,,yes,,,,Angiografia,,,,,,,,,,,,,,
,,clinic,,,,,,,,,,,,,,17.1178847,,,,,,,,,,,,,,,,,,,,,,,,,,,,,,,,,,,,,39.0670244,,,,,,yes,,,,Anmic,,,,,,,,,,clinic,,,,
,,clinic,,,,,,,,,,,,,,12.8868556,,,,,,,,,,,,,,,,,,,,,,,,,,no,,,,,,,,,,,41.8339093,,,,,,yes,,,,Ars Medica Praeneste,,,yes,,,,,,,yes,,,,
,,clinic,,,,,,,,,,,,,,14.4363367,,,,,12,,,,3,,,,,,,,,,Via Pasquale Fusco,,,,,,,,,,,,,,,,,,40.7566108,,,,,Torre Annunziata,yes,,,,Asl Napoli 3 Sud Distretto 56,,80058,,,,,,bing,,,,survey,,
,,clinic,,,,,,,,,,,,,,9.1458030,,,,,,,,,,,,,,,,,,,,,,,,,,,,,,,,,,,,,45.6306652,,,,,,yes,,,,Ats Brianza - Sede di Cesano Maderno,,,,,,,,,,,,,,ASL
,,clinic,,,,,,,,,,,,,,12.6661118,,,,,4,,,,,,,,,,,,,,Viale San Nilo,,http://www.aslromah.it/,,,,,,,,,,,,,,+39 06 941 0952,,41.7875519,,,,,Grottaferrata,service,,,,Azienda Asl Roma H,,00046,,,,,,,,,,,,
,,clinic,,,,,,,,,,,,,,14.0521754,,,,,,,,,,,,,,,,,,,,,,,,,,,,,,,,,,,,,42.4006557,,,,,,yes,,,,Azienda USL Pescara - Punto erogativo Pianella,,,,,,,,,,clinic,,,,
,,clinic,,,,,,,,,,,,,,14.4569869,,,,,23-31,,,,,07:00-20:00,,,,,,,,,Via Roma,,http://www.cmocentropolispecialistico.it,,,,,,,,,,,,,,+39 081 861 2428,,40.7514755,,,,,Torre Annunziata,yes,,,,C.M.O. Centro Polispecialistico - Sede Centrale,,80058,,,,,,,,,,,,
,,clinic,,,,,,,,,,,,,,9.1199455,,,,,,,,,,,,,,,,,,,,,http://www.cdi.it/,,,,,,,,,,,,,,,,45.4586615,,,,,,yes,,,,CDI - Centro Diagnostico Italiano,,,,,,,,,,,,,,
,,clinic,,,,,,,,,,,,,,11.4861402,,,,,,verificare se man_made=works,,,,,,,,,,,,,,,,,,,,,,,,,,,,,,,45.5189220,,,,,,industrial,,,,CMSR,,,yes,,,,,,,,,,,
,,clinic,,,,,,,,,,,,,,12.3719942,,,,,,,,,,,,,,,,,,,,,,,,,,,,,,,,,,,,,43.1030247,,,,,,,,,,CSM Bellocchio,,,,,,,,,,,,,,
,,clinic,,,,,,,,,,,,,,17.0948552,,,,,,,,,,,,,,,,,,,,,,,,,,,,,,,,,,,,,39.1074860,,,,,,public,,,,Calabro Dental,,,,,,,,,,clinic,,,,
,,clinic,,,,,,,,,,,,,,9.5356517,,,,,,,,,,,,,,,,,,,,,,,,,,,,,,,,,,,,,45.5960108,,,,,,yes,,,,"Casa Del Comune, Ufficio Parrocchiale, Medico",,,,,,,,,,,,,,Ex Ospedaletto
,,clinic,,,,,,,,,,,,,,8.7747328,,,,,,,,,,,,,,,,,,,,,,,,,,,,,,,,,,,,,40.4214969,,,,,,,,,,Casa Manai,,,,,,,,,,,,,,
,,clinic,,,,,,,,,,,,,,12.8283552,,,,,,,,,2,,,,,,,,,,,,,,,,,,,,,,,,,,,,41.8408806,,,,,Zagarolo,yes,,,,Casa della Salute,,00039,,,,,,,,clinic,,,,
,,clinic,,,,,,,,,,,,,,15.6574767,,,,,,,,,,,,,,,,,,,,,,,,,,no,,,,,,,,,,,38.1157263,,,,,,hospital,,,,"Casa di Cura ""Villa Aurora""",,,,,,,,,,,,,,
,,clinic,,,,,,,,,,,,,,17.2602482,,,,,64,,,,,,,,,,,,,,Via Scoglio del Tonno,,http://www.clinicabernardini.it,IT00601480742,,,,,,,,,,,,,+39 099 7728896,,40.4403183,,,,,Taranto,,,,,Casa di Cura Bernardini,,74121,,,,,,,,,,,,
,,clinic,,,,,,,,,,,,,Clinica Bonvicini,11.3337935,,,,,,,,,,,,,Bonvicini-Klinik,,,,,,,,,IT01745190213,,,,no,,,,,check the boundary of the amenity,,,,,,46.5063597,,,,,,,,,,Casa di Cura Bonvicini - Privatklinik Bonvicini,,,,,,,,,,,,,,
,,clinic,,,,,,,,,,,,,,8.4605777,,,,,,,,,,,,,,,,,,,,,,,,,,,,,,,,,,,,,45.5573012,,,,,,yes,,,,Casa di Cura I Cedri,,,,,,,,,,,,,,
,,clinic,,,,,,,,,,,,,,10.9384521,,,,,,,,,,,,,,,,,,,,,http://www.casadicuraleonardo.com,,,,,,,,,,,,,,,,43.7332120,,,,,,,,,,Casa di Cura Leonardo,,,,,,,,,,,,,,
,,clinic,,,,,,,,,,,,,,18.1961981,,Casa di Cura del Prof. Petrucciani S.r.l.,,,,,,,,,,,,,,,,,,info@casadicurapetrucciani.com,https://www.casadicurapetrucciani.com/,IT01813160759,,,,no,,,,,,,,,+39 0832 448111,,40.3558078,,,,,,,,,,Casa di Cura Prof. Petrucciani,,,yes,,,,,,,,,,,
,,clinic,,,,,,,,,,,,,,8.5455920,,,,,8,,,,,,,,,,,,,,Via Oleggio Castello,,http://sancarloarona.it/,,,,,,,,,,,,,,+39 0322 243722,,45.7491661,,,,,Arona,yes,,,,Casa di Cura San Carlo di Arona,,28041,,,,,,,,clinic,,,,
,,clinic,,,,,,,,,,,,,,11.2486134,,,,,,,,,,,,,,,,,,,,,,,,,,,,,,,,,,,,,43.8022254,,,,,,,,,,Casa di Cura Ulivella e Glicini (IFCA),,,,,,,,,,,,,,
,,clinic,,,general;cardiology,,,,,,,,,,,10.5531333,,,,,21,,,,5,,,,,,,,,,Via Spiaggia d'oro,,http://villagemma.it,,,,,,,,,,,,,,+39 0365 298 000,,45.6136082,,,,,Barbarano,yes,,,,Casa di Cura Villa Barbarano,,25087,,,,,,,,clinic,,,,
,,clinic,,,,,,,,,,,,,,12.4505883,,,,,,,,,,,,,,,,,,,,,,,,,,,,,,,,,,,,,41.8683167,,,,,,,,,,Casa di Cura Villa Pia,,,,,,,,,,,,,,
,,clinic,,,,,,,,,,,,,,7.7388182,,,,,,,,,,,,,,,,,,,,,,,,,,,,,,,,,,,,,45.0342653,,,,,,,,,,Casa di Cura e di Riposo San Luca,,,,,,,,,,,,,,
,,clinic,,,,,,,,,,,,,,13.3664753,,,,,23,,,,,,,,,,local_knowledge,,,,Piazza Fonderia,,http://www.triolozancla.com,,,,,,,,,,,,,,+39 091 6054111,,38.1196086,,,,,,yes,,,,Casa di Cure Triolo-Zancla,,90133,,,,,,,,,,,,
,,clinic,,,,,,,,,,,,,"Casa di cura ""Villa Melitta""",11.3426282,,,,,,,,,,,,,"Privatklinik ""Villa Melitta""",,,,,,,,https://www.villamelitta.it/,IT01542250210,+39 0471 471400,,,no,,,,,,,,,+39 0471 471471,,46.5044720,,,,,,yes,,,,"Casa di cura ""Villa Melitta"" - Privatklinik ""Villa Melitta""",,,,,,,,,,,,,,
,,clinic,,,,,,,,,,,,,,12.4863999,,USI,,,41,,,,5,,,,,,,,,,Viale Marco Polo,,,,,,,,,,,,,,,,+39 06 3286848,,41.8746159,,,,,Roma,yes,,,,Casa di cura Marco Polo,,,,,,,,,,,,,,
,,clinic,,,neuropsychiatry,,,,,,,,,,,11.6884393,,,,,1,,,,,,,,,,,,,,VIa Monticello,info@parcotigli.it,https://www.parcotigli.it/,,,Costigliola,,,,,,,,,,,+39 049 9997511,,45.3661173,,,,,,yes,,,,Casa di cura Parco dei tigli,,35033,,,,,,,,clinic,,,IT,
,,clinic,,,,,,,,,,,,,,17.9241374,,,,,,,,,,,,,,,,,,,,,,,,,,,,,,,,,,,,,40.6288958,,,,,,yes,,,,Casa di cura Salus,,,,,,,,,,,,,,
,,clinic,,,,,,,,,,,,,,8.1815160,,,,,,,,,,,,,,,,,,,,,,,,,,,,,,,,,,,,,44.8980592,,,,,,yes,,,,Casa di cura Sant'Anna,,,,,,,,,,,,,,
,,clinic,+39 0933 817111,,,,,,,,,,,,,14.2092300,,,,,1,,,,,,,,,,,,,,Via Minerbio,,http://www.casadicurasantabarbara.com,,,,,,info@casadicurasantabarbara.it,,,,,,,,,,37.0788781,,,,,,,,,+39 0933 817211,Casa di cura Santa Barbara,,93012,,,,,,,,clinic,,,,
,,clinic,,,,,,,,,,,,,,15.2981723,,,,,,,,,,,,,,,,,,,,,,,,,,,,,,,,,,,,,37.0804195,,,,,,,,,,Casa di cura Santa Lucia,,,,,,,,,,,,,,
,,clinic,,,,,,,,,,,,,,15.2692140,,,,,,,,,,,,,,,,,,,,,,,,,,,,,,,,,,,,,37.1013825,,,,,,,,,,Casa di cura Villa Aurelia,,,,,,,,,,,,,,
,,clinic,,,,,,,,,,,,,,15.2693721,,,,,,,,,,,,,,,,,,,,,,,,,,,,,,,,,,,,,37.1022500,,,,,,,,,,Casa di cura Villa Azzurra,,,,,,,,,,,,,,
,,clinic,,,,,,,,,,,,,,18.1753712,,,,,,,,,,,,,,,,,,,,,,,,,,,,,,,,,,,,,40.3430548,,,,,,,,,,Casa di cura Villa Bianca,,,,,,,,,,,,,,
,,clinic,,,,,,,,,,,,,,15.2695858,,,,,,,,,,,,,,,,,,,,,,,,,,,,,,,,,,,,,37.1008217,,,,,,,,,,Casa di cura Villa Mauritius,,,,,,,,,,,,,,
,,clinic,,,,,,,,,,,,,,15.2312963,,,,,,,,,,,,,,,,,,,,,,,,,,,,,,,,,,,,,37.1088282,,,,,,,,,,Casa di cura Villa Salus,,,,,,,,,,,,,,
,,clinic,,,,,,,,,,,,,,9.2497695,,,,,1,,CAM,,,Mo-Fr 07:30-21:00; Sa 08:00-12:00,,,,,,,,,Via Martiri delle Foibe,caminfo@cam-monza.com,http://www.cam-monza.com/,,+39 039 2397402,,,,,,,,,,,,+39 039 23971,,45.5958754,,,,,Monza,commercial,,,,Centro Analisi Monza,,20900,,,,,,,,,,,IT,
,,clinic,,rehabilitation,neurology;neuropsychiatry;physiatry;psychiatry;orthopaedics;child_psychiatry,,,,,,,,segreteriamedica.an.falconara@dongnocchi.it,,,13.3956145,,Fondazione Don Carlo Gnocchi Onlus,,,56,,,,,,,,,,,,,,Via Giacomo Matteotti,info.falconara@dongnocchi.it,https://www.dongnocchi.it/i-centri/centro-bignamini-don-gnocchi,,,,"Presso la struttura operano un’Unità di Riabilitazione Intensiva, che fornisce trattamenti integrati per disabilità gravi conseguenti a lesioni cerebrali, soprattutto vascolari, e patologie ortopediche post-acute comportanti, di norma, non autosufficienza",,,,,,,,,,+39 071 9160971,,43.6252594,,,,,Falconara Marittima,yes,,,,Centro Bignamini-Don Gnocchi,,60015,,,,,1989,,,clinic,,,,
,,clinic,,,,,,,,,,,,,,9.4398200,,,,,,,,,,,,,,,,,,,,,,,,,,,,,,chain_link,,,,fence,,,45.5437458,,,,,,,,,,Centro Diagnostico Martesana,,,,,,,,,,,,,,
,,clinic,,,,,,,,,,,,,,12.4764413,,,,,41,,,,,24/7,,,,,,,,,Via dell'Architettura,,cirm.it,,,,,,,,,,,,,,06 5929 0263,,41.8301474,,,,,,yes,,,,Centro Internazionale Radio Medico (CIRM),,,,,,,,,,clinic,,,,
,,clinic,+39 039 9515548,,orthopaedics; osteopathy; physiotherapist; rheumatology; neurosurgery,,,,,,,,,,,9.4292553,,,,,,,,,,,,2,,private,,,,,Via Salette,,http://cascinalasalette.it/,IT04406740961,,,,,info@cascinalasalette.it,,,,,,,,,,45.6721363,,,,,,,,,,Centro Medico Cascina La Salette,,,,,,,,,,clinic,,,,
,,clinic,,,,,,,,,,,,,,9.1967463,,,,,,,,,,,,,,,Regione Lombardia - La banca dati territoriali CTR10000 è prodotta da Regione Lombardia - Infrastruttura per l'Informazione Territoriale,,,,,,,,,,,,,,,,,,,,,,45.4532898,,,,,,yes,,,,Centro Medico Mediolanum,,,,,,,,,,,,,,
,,clinic,,,,,,,,,,,,,,18.1654421,,,,,45,,,,5,"Mo-Fr 08:30-12:30, 16:30-19:00",,,,,,,,,Via Don Bosco,centromedico@labpignatelli.it,http://www.labpignatelli.it/centro-medico.html,,,,,,,,,,,,,,+39 0832 242641,,40.3473532,,,,,Lecce,yes,,,,Centro Medico Pignatelli,,73100,,,,,,,,,,,,
,,clinic,,,,,,,,,,,,,,8.4685118,,,,,2,,,,,,,,,,,,,,Via Piave,,http://www.clinicasanluigi.it,,,,,,,,,,,,,,+39 0322 846754,,45.7014843,,,,,Borgomanero,yes,,,,Centro Medico Polispecialistico Ambulatoriale San Luigi,,28021,,,,,,,,clinic,,,,
,,clinic,+39 035 825316,,,,,,,,,,,,,9.9933550,,,,,172,,,,,,,,,,,,,,Via Del Tonale E Della Mendola,,https://centromedicosangiorgio.com/,,,,,,,,,,,,,,,,45.7882786,,,1,room,Endine Gaiano,,,,,Centro Medico San Giorgio,,24060,,,,,,,,clinic,,,,
,,clinic,,,,,,,,,,,,,,8.5103132,,San Nicolò Srl,,,43,,,,,,,,,,Regione Liguria,,,,Corso Giuseppe Mazzini,,,,,,,,,,,,,,,,+39 019 489815,,44.3367469,,,1,,,house,,,,Centro Medico San Nicolò,,,,,,,,,,,,,,
,,clinic,,,,,,,,,,,,,,16.8864568,,Fondazione Salvatore Maugeri,,,4,,,,,,,,,,,,,,Via della Chiesa,,https://www.fsm.it/istituto.php?id=9553,,,Marina di Ginosa,Clinica ad indirizzo riabilitativo accreditata con il Servizio Sanitario Nazionale e centro per la diagnosi e la cura delle patologie di competenza riabilitativa e delle patologie respiratorie.,,,,,,,,,,+39 099 8279611,,40.4274461,,,,,Ginosa,,,,,Centro Medico di Riabilitazione,,74025,,,,,,,,,,,,
,,clinic,,,cardiology;paediatrics;orthopaedics;osteopathy,,,,,,,,,,,14.3955336,,MWM Medical Wellness,yes,,21,,,,,,private,,,,,,,,Via indipendenza,,https://www.centromorra.it,,,,,,,,,,,,,,,,40.9089644,,,,,Pomigliano d'Arco,yes,,,,"Centro Morra, Cardiologia e studi medici privati",,80038,yes,,,,,,,clinic,,,,
,medical_supply,clinic,+39 0933 936881,,orthopaedics,,,,,,,,,,,14.2303965,,Centro Ortopedico Aliotta S.a.s.,,,132,Centro Ortopedico,,,,,,,,,,,,,Via Palazzi,,http://centroortopedicoaliotta.com,IT01830930853,,,,,manuelealiotta@gmail.com,,,,,,,,,,37.0741389,,,,,,,,,+39 0933 823586,Centro Ortopedico Aliotta,,,,,,,,,,,,,,
,,clinic,,,,,,,,,,,,,,9.2127041,,Azienda Socio Sanitaria Territoriale di Vimercate,,,17,,,,,,,,,,,,,,Via Ivo Oliveti,,,,,,,,,,,,,,,,,,45.6454606,,,,,,,,,,Centro Psico - Sociale Seregno,,,,,,,,,,rehabilitation,,,,
,,clinic,+39 0933 914730,,,,,,,,,,,,,14.2523842,,ASP Caltanissetta,,,,,,,,,,,,,,,,,Piazza Trento,,,,,,,,,,,,,,,,,,37.0625510,,,,,,,,,,Centro Radioterapico,,,,,,,,,,,,,,
,,clinic,,,,,,,,,,,,,,14.7977176,,,,,,,,,,,,,,,,,,,,,,,,,,,,,,,,,,,,,40.9266054,,,,,,yes,,,,Centro Riabilitativo Australia,,,,,,,,,,,,,,
,,clinic,,,,,,,,,,,,,,12.3943045,,Azienda Unità Sanitaria Locale Umbria n. 1,,,42,,,,,,public,,,,,,,,Via della Pallotta,,,,,,,,,,,,,,,,,,43.0965974,,,,,Perugia,yes,,,,Centro Servizi Pietro Grocco,,06126,,,,,,,,,,,,
,,clinic,,,,,,,,,,,,,,7.8720097,mental_health,Asl TO4,,,,,,,,,,,,,,,,,,,,,,,,,,,,,,,,,,,45.4691372,,,,,,yes,,,,Centro Terapie Psichiatriche,,,,,,,,,,clinic,,,,
,,clinic,,,,,,,,,,,,,,9.7123049,,,,,,,,,,,,,,,,,,,,info@centroradiofisio.it,www.centroradiofisio.it,,+39 035 290358,,,,,,,,,,,,+39 035 290636,,45.6894957,,,,,,yes,,,,Centro di radiologia e fisioterapia,,,,,,,,,,,,,,
,,clinic,,,,,,,,,,,,,,12.6145664,,Azienda Unità Sanitaria Locale Umbria n. 2,,,16,,,,,,public,,,,,,,,Via Sant'Anna,marilina.giulianelli@uslumbria2.it,http://www.uslumbria2.it/servizi/centro-di-salute-sede-di-bevagna,,,,,,,,,,,,,,+39 0742 361996,,42.9368836,,,,,Bevagna,,,,,Centro di salute Bevagna,,,,,,,,,,,,,,
,,clinic,,,,,,,,,,,,,,12.4329663,,Azienda Unità Sanitaria Locale Umbria n. 1,,,94,,,,,,,,,,,,,,Via Principe Umberto,,,,+39 075 8020290,,,,,,,,,,,,+39 075 8020170,,43.0261111,,,,,Torgiano,,,,,Centro di salute Torgiano,,06089,,,,,,,,clinic,,,,
,,clinic,,,,,,,,,,,,,,8.9311381,,ASP Emanuele Brignole,,,26A,,RSA,,,,,,,,Regione Liguria,,,,Corso Firenze,,,,,,"Servizio semiresidenziale rivolto ad anziani, con vario grado di non autosufficienza, che per il loro declino funzionale e/o cognitivo esprimono bisogni non sufficientemente gestibili al domicilio.",,,,,,,,,,,,44.4183389,,,,,,yes,,,,Centro diurno anziani Brignole Sede,,,,,,,,,,clinic,,,,
,,clinic,,,,,,,,,,,,,,9.2561236,,,,,,,,,,,,,,,,,,,,,,,,,,,,,,,,,,,,,45.8064306,,,,,,yes,,,,Centro medicina dello sport,,,,,,,,,,,,,,
,,clinic,,,,,,,,,,,,,,12.2398841,,,,,,,,,,,,,,private,,,,,,,,,,,,,,,,,,,,,,,43.1297262,,,,,,yes,,,,Centro medico,,,,,,,,,,,,,,
,,clinic,,,,,,,,,,,,,,8.5581531,,,,,,,,,,,,,,,,,,,Via Fogliotti,,,,,,,,,,,,,,,,,,45.7614609,,,,,Arona,yes,,,,Centro prelievi,,28041,,,,,,,,laboratory,,,,
,,clinic,,,,,,,,,,,,,,8.8861693,,ASL Milano 1,,,,,,,,,,,,,,,,,,,,,,,,,,,,,,,,,,,45.4690326,,,,,,yes,,,,Centro psico sociale,,,,,,,,,,,,,,
,,clinic,,,,,,,,,,,,,,12.0460131,,Azienda Unità Sanitaria Locale Umbria n. 2,,,,,,,,,public,,,,,,,,,,,,,,,,,,,,,,,,,,42.8731855,,,,,,yes,,,,Centro salute di Fabro,,,,,,,,,,,,,,
,,clinic,,,,,,,,,,,,,,12.1090775,,ASL Viterbo,,,15,,,,,Mo-Fr 08:00-18:00,,,,,,,,,Via Enrico Fermi,,http://www.asl.vt.it/,,,,,,,,,,,,,,+39 0761 3391,,42.4096365,,,,,Viterbo,public,,,,Cittadella della Salute,,01100,yes,,,,,,,,,,IT,
,,clinic,,,,,,,,,,,,,,11.3186214,,,,,,,,,,,,,,,,,,,,,https://www.cityclinic.it/,IT02922000217,,,,,,,,,,,,,+39 0471 1551010,,46.4697339,,,,,,yes,,,,CityClinic,,,,,,,,,,,,,,
,,clinic,,,,,,,,,9 m,,,,,12.5781154,,,,,,,,,,,,,,,,,,4AED,,,,,,,,,,,,,,,,,,,46.0687673,,,,,,yes,,,,Clinic,,,,,,000,,,,,,,,
,,clinic,,,,,,,,,,,,,,15.5450418,,,,,,,,,,,,,,,,,,,,,,,,,,,,,,,,,,,,,41.4536376,,,,,,yes,,,,"Clinica ""Colonnello d'Avanzo""",,,,,,,,,,,,,,
,,clinic,,,,,,,,,,,,,,15.0827535,,,,,,,,,,,,,,,,,,,,,,,,,,,,,,,,,,,,,37.5173654,,,,,,yes,,,,Clinica - Casa Vagliasindi,,,,,,,,,,,,,,
,,clinic,,,,,,,,,,,,,,18.1302899,,,,,,,,,,,,,,,,,,,,,,,,,,,,,,,,,,,,,40.3407222,,,,,,,,,,Clinica Città di Lecce Hospital,,,,,,,,,,,,,,
,,clinic,,,,,,,,Casa di Cura Clinica Lucina,,,,,,15.0930903,,,,,,,,,,,,,,,,,,,,,http://www.casadicuralucina.it/,,,,,,,,,,,,,,,,37.5130542,,,,,,yes,,,,Clinica Lucina,,,,,,,,,,,,,,
,,clinic,,,,,,,,,,,,,,9.3882431,,,,,,,,,,,,,,,,,,,,,,,,,,,,,,,,,,,,,45.8500557,,,,,,yes,,,,Clinica Mangioni,,,,,,,,,,,,,,
,,clinic,,,,,,,,,,,,,,12.4767329,,,,,46,,,,,24/7,,,,,,,,,Via Vincenzo Tiberio,,clinicapaideia.it,,,,,,,,,,,,,,+39 06 330941,,41.9394300,,,,,,yes,,,,Clinica Paideia,,,,,,,,,,clinic,,,,
,,clinic,,,,,,,,,,,,,,9.6751336,,,,,,,,,,,,,,,,,,,Via Giacomo Morigi,,,,,,,,,,,,,,,,,,45.0471406,,,,,Piacenza,yes,,,,Clinica Piacenza,,,,,,,,,,,,,,
,,clinic,,,,,,,,,,,,,,18.1664336,,,,,4,,,,6,,,,,,,,,,Piazza Fortunato Cesari,clsanfr@clinicasanfrancesco.com,http://www.clinicasanfrancesco.com,,,,,,,,,,,,,,+39 0836 562046,,40.1730930,,,,,Galatina,yes,,,,Clinica San Francesco,,73013,,,,,,,,,,,,
,,clinic,,,,,,,,,,,,,,15.5442083,,,,,,,,,,,,,,,,,,,,,,,,,,,,,,,,,,,,,41.4434581,,,,,,yes,,,,Clinica San Francesco,,,,,,,,,,,,,,
,,clinic,,,,,,,,,,,,,,13.5813180,,,,,,,,,,,,,,,,,,,,,,,,,,,,,,,,,,,,,37.2881612,,,,,,yes,,,,Clinica Sant'Anna,,,,,,,,,,clinic,,,,
,,clinic,,,,,,,,,,,,,,14.4052956,,,,,599,,,,3,,,,,,,,,,Via Nazionale,,,,,,,,,,,,,,,,+39 081 8484111,,40.7700622,,,,,Torre del Greco,yes,,,,Clinica Santa Maria la Bruna,,80059,,,,,,bing,,,,survey,,
,,clinic,,,,,,,,,,,,,,15.2779858,,,,,,,,,,,,,,,,,,,,,,,,,,,,,,,,,,,,,37.0794470,,,,,,,,,,Clinica Villa Rizzo,,,,,,,,,,,,,,
,,clinic,,,,,,,,,,,,,,15.6443571,,,,,,,,,,,,,,,,,,,,,,,,,,no,,,,,,,,,,,38.1039474,,,,,,yes,,,,Clinica Villa Sant'Anna,,,,,,,,,,,,,,
,,clinic,,,,,,,,,,,,,,14.7715152,,,,,,,,,,,,,,,,,,,,,,,,,,,,,,,,,,,,,40.9247267,,,,,,clinic,,,,Clinica Villa dei Pini,,,,,,,,,,,,,,
,,clinic,,,,,,,,,,,,,,14.2369558,,,,,,,,,,,,,,,,,,,,,,,,,,,,,,,,,,,,,40.8530702,,,,,,yes,,,,Clinica Villa delle Querce,,,,,,,,,,,,,,
,,clinic,,,,,,,,,,,,,,14.7046462,,,,,,,,,,,,,,,,,,,,,,,,,,,,,,,,,,,,,36.9191084,,,,,,,,,,Clinica del Mediterraneo,,,,,,,,,,,,,,
,,clinic,,,,,,,,,,,,,,14.5964764,,,,,,,,,,,,,,,,,,,,,,,,,,,,,,,,,,,,,40.7399288,,,,,,yes,,,,Clinilabor,,,,,,,,,,,,,,
,,clinic,,,,,,,,,,,,,,8.9189155,,ASL 3 Genovese,,,9,,,,,,,,,,Regione Liguria,,,,Via del Lagaccio,,,,,,,,,,,,,,,,,,44.4185789,,,,,Genova,house,,,,Consultorio Familiare,,16134,,,,,,,,,,,,
,,clinic,,,,,,,,,,,,,,12.6784374,,,,,8,,,,,"Mo-Fr 07:30-13:00, 14:00-19:00; Sa 07:30-14:00",,,,,,,,,Via Duca d'Aosta,,corilab.it,,,,,,,,,,,,,,+39 06 942 2520,,41.8074719,,,,,,yes,,,,Corilab,,,,,,,,,,clinic,,,,
,,clinic,,,,,,,,,,,,,,10.7762238,,,,,,,,,,,,,,,,,,,,,,,,,,,,,,,,,,,,,43.8833104,,,,,,,,,,Data Medica,,,,,,,,,,,,,,
,,clinic,,,,,,,,,,,,,,13.5284561,,,,,,,,,,,,,,,,,,,,,,,,,,,,,,,,,,,,,41.9588080,,,,,,,,,,Distretto Sanitario,,,,,,,,,,,,,,
,,clinic,,,,,,,,,,,,,,13.2440117,,ASUR,,,,,,,,,,,,,,,,,,,,,,,,,,,,,,,,,,,43.5160049,,,,,,,,,,Distretto Sanitario,,,,,,,,,,,,,,
,,clinic,,,,,,,,,,,,,,12.7491966,,,,,,,,,,,,,,,,,,,,,,,,,,,,,,,,,,,,,43.8439700,,,,,,,,,,Dott. Nucci,,,,,,,,,,,,,,
,,clinic,,,,,,,,,,,,,,11.5594057,,,,,,,,,,,,,,,,,,,,,,,,,,,,,,,,,,,,,45.5579181,,,,,,yes,,,,Dott.sa Dai Prà,,,,,,,,,,,,,,
,,clinic,,,,,,,,,,,,,,14.2169061,,,,,,,,,,,,,,,,,,,,,,,,,,,,,,,,,,,,,40.5545275,,,,,,,,,,Dottore Privato Anacapri,,,,,,,,,,clinic,,,,
,,clinic,,,,,,,,,,,,,,8.5702598,,,,,,,,,,,,,,,,,,,,,,,,,,no,,,,,,,,,,,40.7637328,,,,,,,,,,Ex Ospedale San Camillo,,,,,,,,,,,,,,
,,clinic,,,,,,,,,,,,,,9.1556407,,,,,,,,,,,,,,,,,,,,,,,,,,,,,,,,,,,,,45.5731365,,,,,,yes,,,,Fisioterapia,,,,,,,,,,,,,,
,,clinic,,,,,,,,,,,,,,10.2285914,,,,,14,,,,,,,,,,,,,,,,,,,,,,,,,,,,,,,,45.5600158,,,,,,yes,,,,Golgi S.r.l. Poliambulatorio Specialistico,,,,,,,,,,,,,,
,,clinic,,,,,,,,,,,,,,7.6802072,,,,+39 800 560738,,,,,,,,,,,,,,,,prenotazioni@gruppolarc.it,https://larc.it/,,,,,,,,,,,,,,+39 011 0341777,,45.0926257,,,,,,yes,,,,Gruppo Larc,,,yes,,,,,,,,,,,
,,clinic,,,,,,,,,,,,,,8.8460622,,,,,,,,,,,,,,,,,,,,,,,,,,,,,,,,,,,,,45.7969572,,,,,,,,,,Guardia Medica,,,,,,,,,,,,,,
,,clinic,,,,,,,,,,,,,,13.5692949,,,,,,,,,,,,,,,,,,,,,,,,,,,,,,,,,,,,,37.8237374,,,,,,yes,,,,Guardia Medica,,,,,,,,,,,,,,
,,clinic,,,,,,,,,,,,,,15.5444058,,,,,,,,,,,,,,,,,,,,,,,,,,,,,,,,,,,,,41.4543911,,,,,,,,,,Guardia Medica,,,,,,,,,,,,,,
,,clinic,,,,,,,,,,,,,,14.7012973,,ASP,,,,,,,,,,,,,,,,,,,,,,,,,,,,,,,,,,,38.0206742,,,,,,public,,,,Guardia Medica,,,,,,,,,,,,,,
,,clinic,,,,,,,,,,,,,,8.5207525,,A.S.L. 7,,,,,,,,,,,,,,,,,,,,,,,,,,,,,,,,,,,39.1722257,,,,,,yes,,,,Guardia Medica,,,,,,,,,,,,,,
,,clinic,,,,,,,,,,,,,,12.3278036,,,,,,,,,,,,,,,,,,,,,,,,,,,,,,,,,,,,,37.9274000,,,,,,yes,,,,Guardia Medica,,,,,,,,,,clinic,,,,
,,clinic,,,,,,,,,,,,,,15.1198739,,,,,,,,,,,,,,,,,,,,,,,,,,,,,,,,,,,,,37.5763955,,,,,,yes,,,,Guardia Medica,,,,,,,,,,,,,,
,,clinic,,,,,,,,,,,,,,13.9086732,,,,,,,,,,,,,,,,,,,,,,,,,,,,,,,,,,,,,37.8562051,,,,,,yes,,,,Guardia Medica,,,,,,,,,,,,,,
,,clinic,,,,,,,,,,,,,,16.9138725,,,,,,,,,,,,,,,,,,,Piazzetta delle Muse,,,,,,,,,,,,,,,,,,39.1461701,,,,,Santa Severina,yes,,,,Guardia Medica - ASL,,88832,,,,,,,,,,,,
,,clinic,,,,,,,,,,,,,,13.5184530,,,,,,,,,,,,,,,,,,,,,,,,,,,,,,,,,,,+39 0862 917142,,42.2099771,,,,,,hospital,,,,Guardia Medica di Rocca di Mezzo,,,,,,,,,,clinic,,,,
,,clinic,,,vaccination,,,,,,,,,,,9.1349423,,Azienda Socio Sanitaria Territoriale di Vimercate,,,30,,,,,,,,,,,,,,Via Martiri d'Ungheria,,,,,,,,,,,,,,,,,,45.6516400,,,,,Seveso,yes,,,,Guardia Medica di Seveso,,20822,,,,,,,,,,,,
,,clinic,,,,,,,,,,,,,,14.5893467,,,,,47,,,,,,,,,,,,,,Via Cupa del Feudo,,,,,,,,,,,,,,,,+39 081 9368176,,40.7378146,,,,,Sant'Egidio del Monte Albino,yes,,,,Guardia medica,,84010,,,,,,,,,,,,
,,clinic,,,,,,,,,,,,,,13.4197933,,,,,,,,,,,,,,,,,,,,,,,,,,ambulance_station,,,,,,,,,,,37.9528398,,,,,Marineo,,,,,Guardia medica,,90035,,,,,,,,,,,,
,,clinic,,,ophthalmology,,,,,,,,,,,9.6573662,,Humanitas Gavazzeni,,,,,,,,,,,,,,,,,,,,,,,,,,,,,,,,,,,45.6958723,,,,,,,,,,Humanitas - Clinica Castelli,,,yes,,,,,,,clinic,,,,
,,clinic,,,,,,,,,,,,,,8.8989284,,,,,,,,,,,,,,,Regione Liguria,,,,,,,,,,,,,,,,,,,,,,44.4792741,,,,,,hospital,,,,Infermeria,,,,,,,,,,,,,,
,,clinic,,,,,,,,,,,,,,11.7660646,,,,,14,,,,,,,,,,,,,,Via Rialto,,,,,,risonanza magnetica - radiologia,,,PD,,,,,,,,,45.2402104,,,,,Monselice,yes,,,,Iniziativa Medica S.p.a.,,,,,,,,,,,,,,
,,clinic,,,,,,,,,,,,,,9.1596040,,,,,85,,,,,,,,,,Regione Liguria,,,,Via Aurelia,,www.iscc.it,,,,,,,,,,,,,,,,44.3510484,,,,,,house,,,,Istituto Cardiovascolare Camogli,,,,,,,,,,,,,,
,,clinic,,,,,,,,,,,,,,11.2846309,,,,,,,,,,,,,,,,,,,,,https://www.prosperius.it,,,,,,,,,,,,,,,,43.7948467,,,,,,,,,,Istituto Prosperius Villa Cherubini,,,,,,,,,,,,,,
,,clinic,,,,,,,,,,,,,Istituto Nazionale Tumori Regina Elena,12.4504244,,,,,,,,,,,,,,,,,,,,,,,,,,,,,,,,,,,,,41.8021642,,,,,,yes,,,,Istituto Regina Elena,,,,,,,,,,clinic,,,,
,,clinic,,,,,,,,,,,,,,9.3196261,,,,,,,,,,,,,,,,,,,,,,,,,,,,,,,,,,,,,45.9200289,,,,,,yes,,,,La Nostra Famiglia,,,,,,,,,,,,,,
,,clinic,,,,,,,,,,,,,,13.5729521,,,,,5,,,,,,,,,,,,,,Via dei Bersaglieri,,,,,,,,,,,,,,,,,,45.9363201,,,,,Gorizia,,,,,La Salute,,34170,,,Lucinico / Luzinìs,,,,,,,,,
,,clinic,,,,,,,,,,,,,,18.1659551,,Laboratorio Analisi Cliniche Dr. P. Pignatelli S.r.l.,,,2,,,,,,,,,,,,,,Via Martiri d'Otranto,labpigna@labpignatelli.it,http://www.labpignatelli.it,,,,,,,,,,,,,,+39 0832 243416,,40.3472668,,,,,Lecce,yes,,,,Laboratorio Analisi Pignatelli,,73100,,,,,,,,,,,,
,,clinic,,,,,,,,,,,,,,12.6694371,,,,,,,,,,,,,,,,,,,,,,,,,,,,,,,,,,,,,41.7862733,,,,,,yes,,,,Laboratorio Casella,,,,,,,,,,,,,,
,,clinic,,,,,,,,,,,,,,8.8327516,,,,,,,,,,,,,,,,,,,,,,,,,,,,,,,,,,,,,45.6294220,,,,,,,,,,Laboratorio analisi mediche e centro medico,,,,,,,,,,,,,,
,,clinic,,,,,,,,,,,,,,9.8460925,,,,,,,,,,,,,,,,,,,,,,,,,,,,,,,,,,,,,46.1648360,,,,,,yes,,,,MEDITEC,,,,,,,,,,clinic,,,,
,,clinic,,,,,,,,,,,,,,9.8464159,,,,,,,,,,,,,,,,,,,,,,,,,,,,,,,,,,,,,46.1648368,,,,,,yes,,,,MEDITEC,,,,,,,,,,clinic,,,,
,,clinic,,,,,,,,,,,,,,11.2700554,,,,,,,,,,,,,,,,,,,,,,,,,,,,,,,,,,,,,43.7718216,,,,,,,,,,Maria Beatrice Hospital,,,,,,,,,,,,,,
,,clinic,,,,,,,,,,,,,,11.2558635,,,,,,,,,,,,,,,,,,,,,,,,,,,,,,,,,,,,,43.7865709,,,,,,,,,,Maria Teresa Hospital,,,,,,,,,,,,,,
,,clinic,,,,,Via Claudia De' Medici,,,,,,,,Casa di cura S. Maria,11.3515103,,,,,2,,,,,,,,Marienklinik,,,,,,Via Claudia De' Medici - Claudia-De'-Medici-Straße,info@marienklinik.it,https://www.marienklinik.it/,IT81001130210,+39 0471 310 999,,,,,,Claudia-De'-Medici-Straße,,,,,,+39 0471 310 600,,46.5022208,,,,,,,,,,Marienklinik - Casa di cura S. Maria,,39100,,,,,,,,,,,,
,,clinic,,,,,,,,,,,,,,14.4466630,,,,,"13,15",,,,2,,,,,,survey,,,,Via Dante Alighieri,,http://www.mavissrl.it,,,,,,,,,,,,,,+39 081 8611276,,40.7583887,,,,,Torre Annunziata,yes,,,,Mavis Centro Polidiagnostico,,80058,,,,,,bing,,,,,,
,,clinic,,,,,,,,,,,,,,10.6211169,,,,,,,,,,,,,,,Regione Emilia Romagna,,,,,,,,,,,,,,,,,,,,,,44.7114543,,,,,,yes,,,,Medical Center,,,,,,,,,,,,,,
,,clinic,,,general,,,,,,,,,,,11.8692295,,,,,,Ex sede di Quartiere per Medicina integrata di quartiere,,,,,,,,,,,,,,,https://medicina-di-gruppo-integrata-guizza.business.site/,,,,,no,,,,,,,,,,,45.3830143,,,,,,,,,,Medicina di base della Guizza,,,,,,,,,,doctor,,,,
,,clinic,,,,,,,,,,,,,,9.0302966,,,,,1,,,,,Mo-Fr 07:00-20:30; Sa 07:00-17:30; ,,,,,,,,,Via Vincenzo Alliata,,https://www.meditel-group.it/,,,,,,,,,,,,,,02 962821,,45.6310085,,,,,Saronno,yes,,,,Meditel Medical Center Polispecialistico Srl,,21047,,,,,,,,clinic,,,,Meditel
,,clinic,,,,,,,,,,,,,,15.1170146,,,,,,,,,,,,,,,,,,,,,,,,,,,,,,,,,,,,,40.6061106,,,,,,,,,,Merclin,,,,,,,,,,,,,,
,,clinic,,,,,,,,,,,,,,10.4864595,,,,,,,,,,,,,,,,,,,,,,,,,,,,,,,,,,,,,43.6882143,,,,,,yes,,,,Misericordia di Navacchio,,,,,,,,,,,,,,
,,clinic,,,,,,,,,,,,,,9.2556976,,,,,,,,,,,,,,,bing,,,,,,,,,,,,,,,,,,,,,,45.5747109,,,,,,yes,,,,Monza Medicina,,,,,,,,,,,,,,
,,clinic,,,,,,,,,,,,,,11.3709650,,,,,,,,,,,,,,private,,,,,,,,,,,,,,,,,,,,,,,43.9946549,,,,,,yes,,,,Mugello Medical Center,,,,,,,,,,,,,,
,,clinic,,,,,,,,,,,,,,8.7668118,,,,,,,,,,,,,,,,,,,,,,,,,,,,,,,,,,,,,45.6995951,,,,,,yes,,,,Mutua Sanitaria Besnatese,,,,,,,,,,,,,,
,,clinic,,,orthopaedics;geriatric,,,,,,,,,,,13.5248190,,,,,,,,,,,,,,,,,,,,,,,,,,,,,,,,,,,,,41.9612692,,,,,,,,,,Nova Salus,,,,,,,,,,clinic,,,,
,,clinic,,,,,,,,,8 m,,,,,12.6988166,,,,,,,,,,,,,,,,,,4AED,,,,,,,,,,,,,,,,,,,46.1459942,,,,,,commercial,,,,PT - Ambulatorio Medico,,,,,,000,,,,,,,,
,,clinic,,,,,,,,,,,,,,17.9299960,,Gruppo Palaia,,,7,,,,,,,,,,,,,,Via Nicola Brandi,,http://www.gruppopalaia.it,,,,Centro specializzato nel trattamento delle disabilità con piscina attrezzata.,,,,,,,,,,+39 0832 782694,,40.6436619,,,,,Brindisi,,,,,Palaia Human Care,,72100,,,,,,,,,,,,
,,clinic,,,,,,,,,,,,,,8.8052895,,Azienda Sanitaria Ligure 3,,,,,,,,,,,,,,,,,,,,,,,,,,,,,,,,,,,44.4239240,,,,,,public,,,,Palazzo della Salute Martinez ASL 3,,,,,,,,,,,,,,
,,clinic,,,,,,,,,,,,,,15.5049035,,,,,,,,,,00:00-24:00,,,,,,,,,,,,,,,,,,,,,,,,,,,40.5976364,,,,,,yes,,,,Poliambulario,,,,,,,,,,,,,,
,,clinic,,,,,,,,,,,,,,10.2266956,,,,,17,,,,,,,,,,,,,,Via Camillo Biseo,,,,,,,,,,,,,,,,,,45.5457530,,,,,Brescia,yes,,,,Poliambulatori Territoriali A.S.S.T. Spedali Civili,,25128,,,,,,,,,,,,
,,clinic,,,,,,,,,,,,,,9.1965677,,,,,,,,,,,,,,,,,,,,,,,,,,,,,,,,,,,,,40.1625209,,,,,,hospital,,,,Poliambulatorio,,,,,,,,,,,,,,
,,clinic,,,,,,,,,,,,,,9.9328412,,,,,6,,,,,,,,,,,,,,Viale Mellino Mellini,,,,,,,,,,,,,,,,,,45.5381912,,,,,Chiari,yes,,,,Poliambulatorio,,25032,,,,,,,,,,,,
,,clinic,,,,,,,,,,,,,,9.1552412,,,,,,,,,,,,,,,,,,,,,,,,,,,,,,,,,,,,,45.5723964,,,,,,yes,,,,Poliambulatorio,,,,,,,,,,,,,,
,,clinic,,,,,,,,,,,,,,7.5212946,,ASL TO3,,,,,,,,,,,,,,,,,,,,,,,,no,,,,,,,,,,,45.0722490,,,,,,yes,,,,Poliambulatorio,,,,,,,,,,clinic,,,,
,,clinic,,,,,,,,,,,,,,8.3111908,,,,,,,,,,,,,,,,,,,,,,,,,,,,,,,,,,,,,45.6840783,,,,,,yes,,,,Poliambulatorio,,,,,,,,,,,,,,
,,clinic,,,,,,,,,,,,,,9.5838485,,,,,,,,,,,,,,,,,,,,,,,,,,yes,,,,,,,,,,,40.2946336,,,,,,,,,,Poliambulatorio,,,,,,,,,,,,,,
,,clinic,,,,,,,,,,,,,,14.9910494,,,,,,,,,,,,,,,,,,,,,,,,,,,,,,,,,,,,,41.7133695,,,,,,yes,,,,Poliambulatorio 118,,,,,,,,,,,,,,
,,clinic,,,,,,,,,,,,,,8.9230907,,,,,sn,"Ostetrico, tel. 070 91342852 Ginecologo, tel. 070 91342851 Pediatra, tel. 070 91342853 Assistente sociale, tel. 070 91342881 Psicologo, tel. 070 91342854",,,,Mo-Fr 09:00-13:00; Mo 15:00-17:30,,,,,http://www.aslsanluri.it/,,,,Corso Europa,,http://www.aslsanluri.it/,,,,,,,,,,,,,,+39 070 913 9214,,39.4295239,,,,,Serramanna,,,,,Poliambulatorio ASL Sanluri,,09038,yes,,,,,,,,,,,
,,clinic,,,,,,,,,,,,,,12.5311639,,,,,,,,,,,,,,,,,,,,,,,,,,,,,,,,,,,,,41.8669283,,,,,,yes,,,,Poliambulatorio Appio,,,,,,,,,,clinic,,,,
,,clinic,,,,,,,,,,,,,,7.8805393,,,,,,,,,,,,,,,,,,,,,,,,,,,,,,,,,,,,,45.4603583,,,,,,,,,,Poliambulatorio Comunità,,,,,,,,,,,,,,
,,clinic,,,,,,,,,,,,,,17.2349722,,,,,,,,,,,,,,,,,,,,,,,,,,,,,,,,,,,,,40.6004173,,,,,,yes,,,,Poliambulatorio Crispiano,,,,,,,,,,,,,,
,,clinic,,,,,,,,,,,,,,17.2361622,,,,,,,,,,,,,,,,,,,,,,,,,,,,,,,,,,,,,40.6002715,,,,,,yes,,,,Poliambulatorio Crispiano,,,,,,,,,,,,,,
,,clinic,,,,,,,,,,,,,,16.3556222,,,,,,,,,,,,,,,,,,,piazza G. Perri,,,,,,,,,,,,,,,,,,39.0468784,,,,,Decollatura,yes,,,,Poliambulatorio Decollatura,,88040,,,,,,,,,,,,
,,clinic,,,,,,,,,,,,,,12.3894212,,Azienda Unità Sanitaria Locale Umbria n. 1,,,,,,,,,public,,,,,,,,Piazzale Europa,,http://www.uslumbria1.gov.it,,,,,no,,,,,,,,,+39 075 5412914,,43.1034651,,,,,Perugia,,,,,Poliambulatorio Europa,,06126,,,,,,,,,,,IT,
,,clinic,,,,,,,,,,,,,,15.1157842,,,,,,,,,,,,,,,,,,,,,,,,,,,,,,,,,,,,,37.7218771,,,,,,yes,,,,Poliambulatorio Guardia Medica,,,,,,,,,,,,,,
,,clinic,,,,,,,,,,,,,,13.6196968,,,,,,,,,,,,,,,,,,,Via delle Fonti,,,,,,,,,,,,,,,,,,43.3623317,,,,,Potenza Picena,yes,,,,Poliambulatorio Potenza Picena,,62018,,,,,,,,,,,,
,,clinic,,,,,,,,,,,,,,11.2859318,,,,,,,,,,,,,,,Regione Emilia Romagna,,,,Via Arturo Colombi,,,,,,,,,,,,,,,,,,44.4949900,,,,,Bologna,yes,,,,Poliambulatorio Reno,,,,,,,,,,,,,,
,,clinic,,,,,,,,,,,,,,15.2914673,,Fondazione Sant'Angela Merici,,,,,,,,,,,,,,,,,,,,,,,,,,,,,,,,,,,37.0843281,,,,,,,,,,Poliambulatorio Suor Chiara Di Mauro,,,,,,,,,,,,,,
,,clinic,,,,,,,,,,,,,,17.0949732,,,,,,,,,,,,,,,,,,,Via Santissima Annunziata,,,,,,,,,,,,,,,,,,38.9591593,,,,,Isola di Capo Rizzuto,yes,,,,Poliambulatorio della Misericordia,,88841,,,,,,,,clinic,,,,
,,clinic,+39 080 46-26-017,,,,,,,,,,,,,16.8770666,,,,,,,,,,,,,,,,,,,,,,,,,,no,,,,,,,,,,,41.0002756,,,,,,,,,,Poliambulatorio di Adelfia,,,yes,,,,,,,,,,,
,,clinic,,,,,,,,,,,,,,9.3243026,,Azienda Socio Sanitaria Territoriale di Vimercate,,,17,,,,2,,,,,,,,,,Via Umberto I,,,,,,,,,,,,,,,fence,,,45.6273342,,hipped,,,Arcore,yes,,-1,,Poliambulatorio di Arcore,,20862,,,,,,,1,clinic,,,IT,
,,clinic,,,,,,,,,,,,,,14.7417310,,,,,,,,,,,,,,,,,,,,,,,,,,no,,,,,,,,,,,38.1576319,,,,,,yes,,,,Poliambulatorio di Capo d'Orlando,,,,,,,,,,,,,,
,,clinic,,,,,,,,,,,,,,18.0585364,,,,,,,,,,,,,,,,,,,,,,,,,,,,,,,,,,,,,40.2774606,,,,,,,,,,Poliambulatorio di Copertino,,,,,,,,,,,,,,
,,clinic,+39 039 2323101,,gynaecology;orthodontics,,,,,,,,,,,9.2686842,,Azienda Socio Sanitaria Territoriale di Vimercate,,,13,,,,,"Mo-Th 08:00-12:30,13:30-16:00; Fr 08:00-13:30",,,,,,,,,Via Italia,,,,,,,,,,,,,,,,,,45.6403329,,,0,,,,,,,Poliambulatorio di Macherio,,,,,,,,,,clinic,,,,
,,clinic,,,,,,,,,,,,,,9.2235811,,Sistema Socio-sanitario Regione Lombardia ASST Lariana,,,,,,,,,,,,,,,,,,,,,,,,,,,,,,,,,,,45.8185101,,,,,,,,,,Poliambulatorio di Pontelambro,,,,,,,,,,,,,,
,,clinic,,,,,,,,,,,,,,14.6577560,,,,,5,,,,,,,,,,,,,,Via Conte Verde,prenotazioni@centroradiologicopotito.it,http://www.centroradiologicopotitocb.com/,,,,,,,,,,,,,,+39 0874 91720,,41.5531236,,,,,Campobasso,,,,,Potito Centro Medico Radiologico,,86100,,,,,,,,,,,IT,
,,clinic,,,,,,,,,,,,,,8.1750825,,,,,,,,,,,,,,,,,,,,,,,,,,,,,,,,,,,,,45.3647079,,,,,,yes,,,,Presidio Sanitario Polifunzionale,,,,,,,,,,,,,,
,,clinic,+39 0473 236480,,,,,,,,,,,,Casa di Cura Villa Santa Anna,11.1702215,,,,,,,,,,,,,Privatklinik Villa St. Anna,,,,,,,,http://www.villa-santanna.eu,,,,,,segreteria@villa-santanna.eu,,,,,,,,,,46.6694552,,,,,,,,,+39 0473 230518,Privatklinik Villa St. Anna - Casa di Cura Villa Santa Anna,,,,,,,,,,,,,,
,,clinic,+39 0933 930104,,,,,,,,17,,,,,14.2280275,,SST Srl,,,217,,RSA,,4,,,,,,,+39 334 6589634,,,Via Palazzi,,http://rsacaposoprano.it/,IT01491170856,,,,,info@rsacaposoprano.it,,,,,,,,,,37.0746043,,,,,,yes,#F4972F,,+39 0933 935270,RSA Caposoprano Residence,,,,,,,,,,clinic,,,,
,,clinic,,,,,,,,,,,,,,8.5573335,,,,,,,,,,,,,,,,,,,,,,,,,,no,,,,,,,,,,,39.3116555,,,,,,,,,,Residenza Rosa del Marganai,,,,,,,,,,,,,,
,,clinic,,,,,,,,,,,,,,9.1541472,,,,,,,,,,,,RSA,,,,,,,,,,,,,,,,,,,,,,,,,39.2558540,,,,,Selargius,,,,,Residenza Sanitaria Assistenziale,,09047,yes,,,,,,,,,,,
,,clinic,,,,,,,,,,,,,,9.1555877,,,,,,,,,,,,,,,,,,,,,,,,,,,,,,,,,,,,,45.5726648,,,,,,yes,,,,Riabilitazione,,,,,,,,,,,,,,
,,clinic,,,,,,,,,,,,,,8.8937504,,ASL Milano 1,,,,,,,,,,,,,,,,,,,,,,,,,,,,,,,,,,,45.4695541,,,,,,yes,,,,SERT,,,,,,,,,,,,,,
,,clinic,,,,,,,32,,,,,,,8.5478825,,,,,,,,,,,,,,,,,,,Via Monte Pasubio,,,,,,,,,,,,,,,,+39  0322 243369,,45.7543212,,,,,Arona,yes,,,,Santa Monica,,28041,,,,,,,,clinic,,,,
,,clinic,,,,,,,,,,,,,,8.5242810,,A.S.L. 7,,,,,,,,,,,,,,,,,,,,,,,,,,,,,,,,,,,39.1686964,,,,,,yes,,,,Servizio Veterinario - Anagrafe Canina,,,,,,,,,,,,,,
,,clinic,,,,,,,,,,,,,,12.1806193,,,,,29,,,,,,,,,,,,,,Via del Lago,,www.spinesportclinic.it,,,,,,,,,,,,,,+39 06 99806298,,42.1094937,,,,,,yes,,,,Spine & Sport Clinic,,,,,,,,,,clinic,,,,
,,clinic,,,,,,,,,,,,,,17.1269400,,,,,,,,,,,,,,,,,,,,,,,,,,,,,,,,,,,,,39.0826091,,,,,,yes,,,,Starbene,,,,,,,,,,clinic,,,,
,,clinic,,,,,,,,,,,,,,7.5446005,,,,,,,,,,,,,,,,,,,,,,,,,,,,,,,,,,,,,44.3367951,,,,,,,,,,Stella del Mattino,,,,,,,,,,,,,,
,,clinic,,,general;radiology;dermatology;biology,,,,,,,,,,,9.4040441,,Synlab,,,,,,,,,,,,,,,,,Corso Carlo Alberto,,,,,,,,,,,,,,,,,,45.8418239,,,,,Lecco,commercial,,,,Synlab,,23900,,,,,,,,clinic,,,,
,,clinic,,,,,,,,,,,,,,8.4548628,,,,,70,,,,,,,,,,,,,,Via Torino,,https://www.centromedicoteorema.com/,,,,,,,,,,,,,,+39 0322 836740,,45.6759723,,,,,Cureggio,yes,,,,Teorema Srl,,28060,,,,,,,,clinic,,,,
,,clinic,,,,,,,,,,,,,,13.2588754,,,,,,,,,,,,,,,,,,,Contrada Santa Lucia,info@termesantalucia.it,http://www.termesantalucia.it,,,,,,,,,,,,,,+39 0733 968227,,43.2149787,,,,,Tolentino,yes,,,,Terme Santa Lucia,,62029,,,,,,,,clinic,,,IT,
,,clinic,,,,,,,,,,,,,,13.8350145,,,,,,Terme,,,,,,,,,,,,,,,,,,,Terme,,,,,,,,,,,,42.1781752,,,,,,yes,,,,Terme di Popoli,,,,,,,,,,,,,,
,,clinic,,,,,,,,,,,,,,8.8512954,,,,,,,Tomalab,,,,,,,,,,,,,,http://www.tomalab.it/,,,,,,,,,,,,,,,,45.5992521,,,,,,,,,,Toma Advanced Biomedical Assays,,,,,,,,,,,,,,
,,clinic,,,,,,,,,,,,,,10.9660352,,,,,1,,,,,,,Distretto Sanitario ULSS 20,,,Regione_del_Veneto_LR28_16.7.1976_Formazione_CTR_auth_39164-5700-1100_23.01.2009,,,,Via Campania,,,,,,,,,,,,,,,,,,45.4445792,,,,,,yes,,,,ULSS 9 Scaligera,,,,,,,,,,clinic,,,,
,,clinic,,,,,,,,,,,,,,10.9658211,,,,,,,,,,,,,,,,,,,,,,,,,,,,,,,,,,,,,45.4447412,,,,,,,,,,ULSS 9 Scaligera,,,yes,,,,,,,clinic,,,,
,,clinic,,,,,,,,,,,,,,12.4523497,,,,,,,,,,,,,,,,,,,,,,,,,,,,,,,,,,,,,41.9647324,,,,,,yes,,,,UPMC San Pietro FBF,,,,,,,,,,,,,,
,,clinic,,,,,,,,,,,,,,12.3698228,,,,,191,,,,,,,,,,,,,,via Eschilo,,,,,,,,,,,,,,,,,,41.7562332,,,,,,yes,,,,USI - Axa-Palocco (Axalab),,,,,,,,,,,,,,
,,clinic,,,,,,,,,,,,,,12.6842690,,,,,1838,,,,,,,,,,,,,,Via Casilina,,,,,,,,,,,,,,,,06 328 68 47,,41.8624143,,,,,Roma,yes,,,,USI - Borghesiana (Pro.di.lab.),,,,,,,,,,,,,,
,,clinic,,,,,,,,,,,,,,12.5027604,,,,,22,,,,4,,,,,,,,,,Via Machiavelli,,,,,,,,,,,,,,,,+39 06 3286843,,41.8924910,,,,,Roma,yes,,,,USI - Piazza Vittorio (Machiavelli Medical House),,00185,,,,,,,,clinic,,,,
,,clinic,,,,,,,,,,,,,,12.4700779,,,,,18,,,,4,,,,,,,,,,via Virginio Orsini,,,,,,,,,,,,,,,,+39 06 32 86 81,,41.9102486,,,,,Roma,yes,,,,USI - Prati,,00192,,,,,,,,clinic,,,,
,,clinic,,,,,,,,,,,,,,14.2083928,,,,,,,,,,,,,,,,,,,,,,,,,,,,,,,,,,,,,40.8207455,,,,,,yes,,,,Villa Angela,,,,,,,,,,,,,,
,,clinic,,,,,,,,,,,,,,13.8809720,,,,,,,,,,,,,,,,,,,,,,,,,,,,,,,,,,,,,42.9437656,,,,,,yes,,,,Villa Anna,,,,,,,,,,,,,,
,,clinic,,,,,,,,,,,,,,9.1176326,,,,,3,,,,,,,,,,,,,,Via Fratelli Bandiera,,,,,,,,,,,,,,,,,,45.6043521,,,,,Limbiate,yes,,,,Villa Bianca - Multimedica,,20812,,,,,,,,,,,IT,
,,clinic,,,,,,,,,,,,,,8.5768560,,,,,,,,,,,,,,,,,,,,,,,,,,,,,,,,,,,,,45.9371348,,,,,,yes,,,,Villa Caramora - Istituto Auxologico Italiano,,,,,,,,,,,,,,
,,clinic,,,,,,,,,,,,,,11.2817221,,,,,,,,,,,,,,,,,,,,,,,,,,,,,,,,,,,,,43.7842419,,,,,,,,,,Villa Delle Terme - Divisione Marconi,,,,,,,,,,,,,,
,,clinic,,,,,,,,,,,,,,12.0646702,,,,,,,,,,,,,,,,,,,,,,,,,,,,,,,,,,,,,44.1265316,,,,,,,,,,Villa Elena,,,,,,,,,,,,,,
,,clinic,,,,,,,,,,,,,,16.8670929,,,,,,,,,,,,,,,,,,,,,,,,,,no,,,,,,,,,,,40.4347702,,,,,,,,,,Villa Genusia,,,,,,,,,,,,,,
,,clinic,,,,,,,,Maria Cecilia Hospital,,,,Q30281113,,11.8930821,,,,,,,,,,,,,,,,,,,,,,,,,,,,,,,,,,,,Casa di cura Villa Maria,44.3974493,,,,,,,,,,Villa Maria Cecilia Hospital,,,,,,,,,,,,,,
,,clinic,,,,,,,,,,,,,,11.3979300,,,,,,,,,,,,,,,,,,,,,http://www.villamiari.it,,,,,,,,,,,,,,,,45.7410038,,,,,,,,,,Villa Miari,,,,,,,,,,,,,,
,,clinic,,,,,,,,,,,,,,16.7718373,,,,,,,,,,,,,,,,,,,,,,,,,,,,,,,,,,,,,39.1505884,,,,,,yes,,,,Villa San Giuseppe,,,,,,,,,,,,,,
,,clinic,,,,,,,,,,,,,,8.9983729,,,,,,,,,,,,,,,,,,,,,,,,,,,,,,,,,,,,,45.4166905,,,,,,hospital,,,,Villa Santa Maria,,,,,,,,,,,,,,
,,clinic,,,,,,,,,,,,,,13.5128269,,,,,,,,,,,,,,,,,,,,info@villasantateresa.it,http://www.villasantateresa.it/,,,,,no,,,,,,,,,+39 091 9292111,,38.0934539,,,,,,,,,,Villa Santa Teresa,,,,,,,,,,,,,,
,,clinic,,,,,,,,,,,,,,11.2727723,,,,,,,,,,,,,,,,,,,,,,,,,,,,,,,,,,,,,43.7744570,,,,,,,,,,Villa delle Terme - Istituto Reumatologico Munari,,,,,,,,,,,,,,
,,clinic,,,,,,,,,,,,,,8.9790895,,,,,,,,,,,,,,,,,,,,,,,,,,,,,,,,,,,,,45.3931093,,,,,,yes,,,,ambulatorio,,,,,,,,,,,,,,
