shop,payment:bancomat,amenity,drive_through,handrail,building:part,ramp,contact:website,addr:hamlet,addr:suburb,official_name,payment:cash,payment:notes,operator,payment:debit_cards,brand:wikipedia,addr:housenumber,payment:maestro,ref:UrbIS,lon,building:levels,opening_hours,image,contact:phone,addr:housename,ref:OnroerendErfgoed,heritage:website,note,source,name:fr,building:material,brand:wikidata,heritage,opening_hours:url,source:geometry:ref,addr:street,email,website,fax,indoor,name:nl,description,contact:email,addr:province,brand,addr:unit,payment:visa,source:geometry,phone,roof:levels,historic,roof:orientation,lat,OnroerendErfgoed:criteria,level,addr:city,building,building:colour,contact:facebook,contact:fax,name,payment:mastercard,roof:shape,addr:postcode,wheelchair,payment:coins,addr:place,start_date,payment:contactless,payment:visa_debit,source:geometry:date,dispensing,healthcare,roof:material,addr:country,heritage:operator
,,pharmacy,,,,,,,,,,,,,,26,,,3.7257090,,,,,,,,,,,,,,,,Sint-Pietersplein,,,,,,,,,,,,,,,,,51.0414752,,,,yes,,,,A. Sanders,,,,,,,,,,,,,,,
,,pharmacy,,,,,,,,,,,,,,6,,,3.3280413,,,,,,,,,,,,,,,,Marialoopplaats,,,,,,,,,,,,,,,,,50.9650306,,,Meulebeke,yes,,,,Aernout,,,8760,,,,,,,,,pharmacy,,,
,,pharmacy,,,,,,,,,,,,,,53,,,5.5589334,,"Mo-Fr 08:30-12:00,13:30-19:00; We 08:30-12:30; Sa 08:30-12:30",,,,,,,,,,,,,Gbg/4316805,Wijshagerkiezel,,,,,,,,,,,,,,,,,51.1049474,,,,house,,,,Agten,,,3670,,,,,,,2013/04/18,yes,,,,
,,pharmacy,,,,,,,,,,,,,,5c,,,5.9270553,,,,,,,,,,,,,,,,Avenue du Doyard,,,,,,,,,,,,,,,,,50.3938700,,,,yes,,,,Aline GILLET sprl,,,,,,,,,,,,,,,
,,pharmacy,,,,,,,,,,,,,,140 B,,,3.1572698,,,,,,,,,,,,,,,Gbg/6192380,Oekensestraat,,https://www.alphapharma.be,,,,,,,,,,,,,,,50.9235415,,,,house,,,,Alpha Pharma,,,,,,,,,,2018-01-20,,,,,
,,pharmacy,,,,,,,,,,,,,,4,,,4.4551416,,,,,,,,,,,,,,,,Sint-Goriksplein,,,,,,,,,,,,,,,,,51.1493279,,,Edegem,house,,,,Antverpia,,,2650,,,,,,,,,pharmacy,,BE,
,,pharmacy,,,,,,,,,,,,,,"13,11",,,4.4727942,,,,,,,,,,,,,,,,Boechoutsesteenweg,,,,,,,,,,,,,,,,,51.1544982,,,Hove,house,,,,Antverpia,,,2540,,,,,,,,yes,pharmacy,,BE,
,,pharmacy,,,,,,,,,,,,,,106,,,3.1347963,,"Mo-Sa 08:30-12:30, Mo-Fr 14:00-19:00",,,,,,,,,,,,,,Ardooisesteenweg,,,,,,,,,,,,,,,,,50.9504982,,,Roeselare,yes,,,,Apocare Maertens,,,8800,,,,,,,,,,,,
,,pharmacy,,,,,,,,,,,,,,2,,,5.2568315,,,,,,,,,,,,,,,,Diestersteenweg,,,,,,,,,,,,,,,,,51.1160372,,,Leopoldsburg,house,,,,Apotheek,,,3970,,,,,,,,,,,BE,
,,pharmacy,,,,,,,,,,,,,,3,,,5.3888844,,,,,,,,,,,,,,,,Dorpstraat,,,,,,,,,,,,,,,,,50.8588618,,,,yes,,,,Apotheek,,,,,,,,,,,,,,,
,,pharmacy,,,,,,,,,,,,,,,,,5.6386775,,,,,,,,,,,,,,,,,,,,,,,,,,,,,,,,,50.8291259,,,,yes,,,,Apotheek,,,,,,,,,,,,,,,
,,pharmacy,,,,,,,,,,,,,,,,,5.3522404,,,,,,,,,,,,,,,,,,,,,,,,,,,,,,,,,50.8835617,,,,yes,,,,Apotheek,,,,,,,,,,,,pharmacy,,,
,,pharmacy,,,,,,,,,,,,,,9,,,4.9353534,,,,,,,,,bing,,,,,,,Diestsesteenweg,,,,,,,,,,,,,,,,,50.8138398,,,Tienen,yes,,,,Apotheek Amato,,,3300,,,,,,,,,,,,
,,pharmacy,,,,,,,,,,,Apotheek,,,160,,,5.1888969,,"Mo-Fr 09:00-12:00,14:00-19:00; Sa 09:00-12:30",,,,,,,,,,,,,,Diestersteenweg,,,,,,,,Limburg,,,,,,,,,50.8658301,,,Nieuwerkerken,yes,,,,Apotheek America,,,3850,,,,,,,,,,,BE,
,,pharmacy,,,,,,,,,,,,,,10,,,4.1784326,,,,,,,,,AGIV Vlaanderen GRB,,,,,,,Marktplein,,,,,,,,,,,,,+32 2 582 11 51,,,,50.8713789,,,Ternat,commercial,,,,Apotheek Asselman,,,1740,,,,,,,,yes,,,BE,
,,pharmacy,,,,,,,,,,,,,,94,,,3.7025554,,,,,,,,,,,,,,,Gbg/1373387,Kettingstraat,,,,,,,,,,,,GRB,,,,,51.0579820,,,Gent,house,,,,Apotheek Baetens,,,9000,,,,,,,2016-07-15,,,,,
,,pharmacy,,,,,,,,,,,,,,108,,,3.2086750,,"Mo-Fr 09:00-12:30,14:00-19:00; Th,Sa 09:00-12:30",,,,,,,,,,,,,Gbg/3131897,Heiststraat,,https://www.apotheekbaeyens.be/,,,,,,,,,,,,,,,51.3315214,,,,house,,,,Apotheek Baeyens,,,,,,,,,,2012-01-11,,,,,
,,pharmacy,,,,,,,,,,,,,,46,,,4.7988250,,,,,,,,,,,,,,,,Meerledorp,,,,,,,,,,,,,+32 3 315 73 75,,,,51.4745717,,,Meerle,yes,,,,Apotheek Biopharm Meerle,,,2328,,,,,,,,,,,BE,
,,pharmacy,,,,,,,,,,,,,,141,,,4.8976374,,,,,,,,,,,,,,,,Oevelseweg,,,,,,,,,,,,,,,,,51.1569321,,,Olen,yes,,,,Apotheek Boeckmans,,,2250,,,,,,,,yes,pharmacy,,,
,,pharmacy,,,,,,,,,,,,,,824,,,4.3827002,,,,,,,,,,,,,,,,Boomsesteenweg,,https://apotheekboomsesteenweg.be/,,,,,,,,,,,,,,,51.1566602,,,Wilrijk (antwerpen),yes,,,,Apotheek Boomsesteenweg,,,2610,,,,,,,,,pharmacy,,,
,,pharmacy,,,,,,,,,,,,,,,,,4.0904966,,,,,,,,,,,,,,,,,,,,,,,,,,,,,,,,,50.8753434,,,,yes,,,,Apotheek C. en M. De Hondt,,,,,,,,,,,,pharmacy,,,
,,pharmacy,,,,,,,,,,,,,,5,,,4.8423983,,,,,,,,,bing;survey,,,,,,,,,,,,,,,,,,,,,,,,50.8817513,,,,yes,,,,Apotheek Coekaerts,,,,,,,,,,,,,,,
,,pharmacy,,,,,,,,,,,,,,,,,3.0813784,,,,,,,,,,,,,,,,,,http://www.apodessein.eu/?page_id=71,,,,,,,,,,,,,,,51.3014048,,,,yes,,,,Apotheek Cools,,,,,,,,,,,,,,,
,,pharmacy,,,,,,,,,,,,,,,,,4.0968771,,,,,,,,,,,,,,,,,,,,,,,,,,,,,,,,,50.8673966,,,,yes,,,,Apotheek De Baere,,,,,,,,,,,,pharmacy,,,
,,pharmacy,,,,,,,,,,,,,,1,,,3.1249924,,,,,,,,,,,,,,,,Hof van 't Henneken,,,,,,,,,,,,,,,,,50.9410749,,,,house,,,,Apotheek De Beer,,,,,,,,,,,,,,,
,,pharmacy,no,,,,,,,,,,Apotheek De Belie NV,,,,,,3.7286465,,Mo-Fr 08:30-18:30; Sa 09:00-18:00,,,,,,,,,,,,,,,apotheek.debelie@gmail.com,https://www.apotheekdebelie.be/,,,,,,,,,,,,,,,51.0480963,,,,,,,,Apotheek De Belie,,,,,,,,,,,yes,pharmacy,,,
,,pharmacy,,,,,,,,,,,Surplus,,,9,,,4.7264615,,,,,,,,,,,,,,,,Bergstraat,,,,,,,,Antwerpen,,,,,+32 15 24 18 55,,,,51.0752115,,,Heist-op-den-Berg,yes,,,,Apotheek De Lindeboom,,,2220,,,,,,,,yes,,,BE,
,,pharmacy,,,,,,,,,,,,,,3,,,4.7087469,3,,,,,,,,,,brick,,,,,Boudewijnlaan,,,,,,,,,,,,,+32 15 24 40 24,,,,51.0742854,,,Heist-op-den-Berg,yes,,,,Apotheek De Lindeboom,,flat,,,,,,,,,,,,,
,,pharmacy,,,,,,,,,,,,,,354,,,4.2603893,,"Mo-Fr 09:00-12:30,14:00-19:00; Sa 09:00-12:30",,,,,,,,,,,,,,Ninoofsesteenweg,,,,,,,,,,,,,,,,,50.8435144,,,Dilbeek,yes,,,,Apotheek De Maeyer,,,1700,,,,,,,,,,,,
,,pharmacy,,,,,,,,,,,,,,456,,,4.2460660,,,,,,,,,AGIV Vlaanderen GRB and survey,,,,,,,Brusselstraat,,,,,,,,,,,,,,,,,50.8735835,,,Groot-Bijgaarden,yes,,,,Apotheek De Maeyer,,,1702,,,,,,,,,pharmacy,,BE,
,,pharmacy,,,,,,,,,,,,,,7,,,4.8643068,,,,,,,,,,,,,,,,Leopoldstraat,,,,,,,,,,,,,,,,,51.3575821,,,,yes,,,,Apotheek De Marck,,,,,,,,,,,,,,,
,,pharmacy,,,,,,,,,,,,,,24,,,4.2815003,,,,,,,,,,,,,,,,Dorpsstraat,,,,,,,,,,,,,,,,,50.9004524,,,,yes,,,,Apotheek De Smet,,,1731,,,,,,,,yes,,,,
,,pharmacy,,,,,,,,,,,,,,26,,,3.1245644,,,,,,23864,,,,,,,4,,,Grote Markt,,https://www.apotheekdefauw.be/,,,,,,,,,,,,,,,50.9452124,M,,,house,,,,Apotheek Defauw,,,,,,,,,,,,,,,OnroerendErfgoed
,,pharmacy,,,yes,,,,,,,,,,,142,,,3.4478142,,,,,,,,,,,,,,,,Stationsstraat,,,,,,,,,,,,,,,,,51.0888663,,,,,,,,Apotheek Delhuvenne,,,,,,,,,,,,pharmacy,,,
,,pharmacy,,,,,,,,,,,,,,99,,,3.1200406,2,,,,,,,,,,,,,,Gbg/6192428,Bornstraat,,,,,,,,,,,,,,,,,50.9285273,,,,house,,,,Apotheek Demaitre,,,,,,,,,,2018-01-20,,,,,
,,pharmacy,,,,,,,,,,,,,,1,,,4.3593192,,,,,,,,,,,,,,,,Koekoekstraat,,,,,,,,,,,,,,,,,51.1098742,,,Niel,yes,,,,Apotheek Depuydt,,,2845,,,,,,,,,pharmacy,,,
,,pharmacy,,,,,,,,,,,,,,16,,,3.2716138,,,,,,,,,,,,,,,,Wingensestraat,,https://www.apotheekdevriendt.be/,,,,,,,,,,,,,,,51.1035687,,,Hertsberge,retail,,,,Apotheek Devriendt,,,8020,,,,,,,,,,,,
,,pharmacy,,,,,,,,,,,,,,3,,,3.2102808,,,,,,,,voorlopige vestiging,,,,,,,,Kloosterstraat,,,,,,,,,,,,,,,,,51.0020577,,,,house,,,,Apotheek Devroe,,,,,,,,,,,,,,,
,,pharmacy,,,,,,,Heusden,,,,,,,39,,,5.2774625,,"Mo-Fr 08:30-12:00, 13:30-18:30",,,,,,,,,,,,,,Guido Gezellelaan,,,,,,,,Limburg,,,,,+32 11 42 37 42,,,,51.0312143,,,Heusden-Zolder,yes,,,,Apotheek Draulans,,,3550,,,,,,,,,pharmacy,,BE,
,,pharmacy,,,,,,,,,,,,,,,,,3.2848169,,,,,,,,,,,,,,,,,,,,,,,,,,,,,,,,,51.3388514,,,,yes,,,,Apotheek Duinenwater,,,,,,,,,,,yes,pharmacy,,,
,,pharmacy,,,,,,,,,,,Pharma Noord Apotheek BVBA,,,48,,,4.7384860,,,,,,,,,,,,,,,,Meerdorp,,,,,,,,,,,,,+32 3 315 77 73,,,,51.4458660,,,Meer,yes,,,,Apotheek Farma Noord,,,2321,,,,,,,,,,,,
,,pharmacy,,,,,,,,,,,,,,13,,,3.0627252,,,,,,,,,,,,,,,,Marktplaats,,,,,,,,,,,,,,,,,50.8912599,,,,house,,,,Apotheek Grillet,,,,,,,,,,,,,,,
,,pharmacy,,,,,,,,,yes,yes,,,,14,yes,,4.9042143,,Mo-Fr 09:00-12:00 13:30-19:00 Sa 09:00-12:00,,,,,,,,,,,,,,Stationsstraat,,,,,,,,,,,,,,,,,51.1688224,,,Olen,apartments,,,,Apotheek Hellings,,,2250,,,,,,,,yes,pharmacy,,,
,,pharmacy,,,,,,,,,,,,,,215,,,5.2550241,,,,,,,,,,,,,,,,Capucienenstraat,,,,,,,,,,,,,,,,,51.1331398,,,,yes,,,,Apotheek Innesto,,,3970,,,,,,,,,,,BE,
,,pharmacy,,,,,,,,,,,,,,40,,,3.1083743,,"Mo-Fr 08:30-12:00,13:30-19:00; Sa 08:30-12:00",,,,,,,,,,,,,Gbg/1287109,Generaal Lemanstraat,info@apotheekdebal.be,https://www.apotheekdebal.be/,+32 56 51 05 72,,,,,,,,,,+32 56 51 34 51,,,,50.7980120,,,Menen,house,,,,Apotheek Jan De Bal,,,8930,yes,,,,,,2015-03-06,,,,,
,,pharmacy,,,,,,,,,,,Jorissen,,,47b,,,5.4882271,,,,,,,,,,,,,,,,Tongersesteenweg,,https://www.apotheekjorissen.be/,,,,,,,,,,,+32 89 51 01 25,,,,50.8471274,,,Hoeselt,yes,,,,Apotheek Jorissen,,,3730,,,,,,,,yes,pharmacy,,,
,,pharmacy,,,,,,,,,,,,,,12,,,4.5138995,,,,,,,,,,,,,,,,Provinciestraat,,,,,,,,,,,,,,,,,51.0938684,,,,house,,,,Apotheek Kestens,,,,,,,,,,,yes,pharmacy,,,
,,pharmacy,,,,,,,,,,,,,,7,,,5.7603850,,,,,,,,,3dShapes,,,,,,,Kloosterstraat,,,,,,,,,,,,,,,,,50.7589933,,,'s-Gravenvoeren,yes,,,,Apotheek Krausch Aurélie,,,3798,,,,,,,,,,,,
,,pharmacy,,,,,,,Kumtich,,,,Apt. Steven Dekerk,,,25,,,4.8881238,,Mo-Fr 08:30-19:00; Sa 08:30-12:30,,,,,,,,,,,,,,Kumtichstraat,,,,,,,,,,,,,+32 16 69 94 15,,,,50.8206010,,,Tienen,commercial,,,,Apotheek Kumtich,,,3300,,,,,,,,,,,BE,
,,pharmacy,,,,,,,,,,,,,,98,,,4.7620793,,,,,,,,,,,,,,,,Vrijheid,,,,,,,,,,,,,,,,,51.4040316,,,Hoogstraten,yes,,,,Apotheek L. Horsten,,,2320,,,,,,,,,,,,
,,pharmacy,,,,,,,,,,,,,,,,,4.0896585,,,,,,,,,,,,,,,,,,,,,,,,,,,,,,,,,50.8690130,,,,yes,,,,Apotheek Lefever,,,,,,,,,,,,pharmacy,,,
,,pharmacy,,,,,,,,,,,,,,26,,,5.5548902,,,,,,,,,,,,,,,,Elderenweg,,,,,,,,,,,,,,,,,50.7917881,,,,house,,,,Apotheek Libens,,,,,,,,,,,,,,,
,,pharmacy,,,,,,,,,,,,,,64,,,4.9270511,,,,,,,,,,,,,,,,Vierde Lansierslaan,,,,,,,,,,,,,+32 16 81 14 80,,,,50.8082510,,,Tienen,yes,,,,Apotheek Lievens,,,3300,,,,,,,,,,,BE,
,,pharmacy,,,,,,,,,,,,,,48,,,4.8934509,,,,,,,,,,,,,,,,Tiensestraat,,https://www.apotheekmaes.be/,,,,,,,,,,,,,,,50.7773732,,,Hoegaarden,yes,,,,Apotheek MAES,,,3320,,,,,,,,,,,,
,,pharmacy,,,,,,,,,,,,,,295,,,3.1633050,,"Mo-Fr 08:30-12:15,13:30-19:00; Sa 08:30-12:30",,,,,,,,,,,,,,Menenstraat,,,,,,,,,,,,,+32 56 40 20 39,,,,50.8037385,,,Wevelgem,yes,,,,Apotheek Maertens,,,8560,,,,,,,,yes,pharmacy,,,
,,pharmacy,,,,,,,,,,,,,,234,,,3.4041737,,,,,,,,,,,,,,,,Roterijstraat,,,,,,,,,,,,,,,,,50.8992593,,,Sint-Eloois-Vijve,house,,,,Apotheek Mahieu,,,8793,,,,,,,,,pharmacy,,,
,,pharmacy,no,,,,,,,,,,Lloyds Pharma,,,31A,,,4.5333864,,,,,,,,,,,,,,https://storelocator.lloydspharma.be/nl/s/pharma/nagels---st-catharina/nagels,,Markt,,,,,,,,,,,,,,,,,51.0697494,,,Sint-Katelijne-Waver,yes,,,,Apotheek Nagels,,,2860,,,,,,,,,,,,
,,pharmacy,,,,,,,,,,,,,,239-241,,,3.1208491,,,,,,,,,,,,,,,,Brugsesteenweg,,,,,,,,,,,,,,,,,50.9579074,,,,yes,,,,Apotheek Oostpark,,,,,,,,,,,yes,pharmacy,,,
,,pharmacy,,,,,,,,,,,,,,936,,,4.1989624,,"Mo-Fr 09:00-12:00,13:30-19:30; Sa 09:00-12:00; Su,PH off",,,,,,,,,,,,,,Ninoofsesteenweg,,http://www.optifar.be/,,,,,,,,,,,+32 2 569 21 39,,,,50.8382985,,,Schepdaal,yes,,,,Apotheek Optiek Optifar,,,1703,,,,,,,,,,,,
,,pharmacy,,,,,,,,,,,,,,,,,4.7077908,,,,,191,,,,,,,,,,,Erasme Ruelensvest,,,,,,,,,,,,,,,,,50.8688298,,,Heverlee,yes,,,,Apotheek Parkpoort,,,3001,,,,,,,,,,,BE,
,,pharmacy,,,,,,,,,,,,,,208,,,3.3469610,,,,,,,,,,,,,,,,Kortrijkseweg,,,,,,,,,,,,,,,,,50.8736911,,,Beveren-Leie,house,,,,Apotheek Pia Desmet,,,8791,,,,,,,,,pharmacy,,,
,,pharmacy,no,,,,,,,,,,,,,1,,,4.1636341,,,,,,,,,,,,,,,,Weverstraat,,,,,,,,,,,,,,,,,50.8534340,,,Wambeek,yes,,,,Apotheek Poppe,,,1741,,,,,,,,yes,pharmacy,,,
,,pharmacy,,,yes,,,,,,,,,,,,,,4.6637823,2,,,,,,,,,,brick,,,,,,,,,,,,,,,,,,+32 15 24 15 68,,,across,51.0839815,,,,,,,,Apotheek Proost,,gabled,,,,,,,,,,,slate,,
,,pharmacy,,,,,,,,,,,,,,2,,,5.3649872,2,"Mo-Fr 09:00-12:00,12:30-19:00; Sa-Su off",,,,,,,,,,,,,,Don Boscostraat,,,,,,,,,,,,,+32 11 73 43 37,,,,51.1251766,,,Hechtel,yes,,,,Apotheek R. François,,,3940,,,,,,,,yes,,,BE,
,,pharmacy,,,,,,,,,,,,,,1A,,,3.0212101,,,,,,,,,,,,,,,,Molenstraat,,,,,,,,,,,,,,,,,50.9011256,,,,yes,,,,Apotheek Schaubroeck,,,,,,,,,,,,,,,
,,pharmacy,,,,,,,,,,,,,,38,,,5.3321553,,,,,,,,,,,,,,,,Dorpsstraat,,,,,,,,,,,,,,,,,50.8409783,,,,house,,,,Apotheek Schoenaers,,,,,,,,,,,,,,,
,,pharmacy,,,,,,,,,,,,,,2,,,4.7433999,,,,,,,,,,,,,,,,Stationlei,,,,,,,,,,,,,,,,,51.1719975,,,,yes,,,,Apotheek Sempels,,,,,,,,,,,yes,pharmacy,,,
,,pharmacy,,,,,,,,,,,,,,83,,,3.1302385,,,,,,,,,,,,,,,,Kerkstraat,,,,,,,,,,,,,,,,,51.3142556,,,,yes,,,,Apotheek Spaens,,,,,,,,,,,,,,,
,,pharmacy,,,,,,,,,,,,,,13B,,,4.5672532,,,,,,,,,,,,,,,,Eikenlei,,https://www.apotheeksintjob.be/,,,,,,,,,,,,,,,51.3036409,,,,house,,,,Apotheek St. Job,,,,,,,,,,,,,,,
,,pharmacy,,,,,,,,,,,,,,17,,,4.8621551,,,,,,,,,,,,,,,,Lubbeeksestraat,,,,,,,,,,,,,,,,,50.8338256,,,"Roosbeek, Boutersem",yes,,,,Apotheek Stalpaert,,,3370,,,,,,,,,,,BE,
,,pharmacy,,,,,,,,,,,,,,11,,,4.7953943,,,,,,,,,,,,,,,,Worteldorp,,http://www.apotheekswaenen.be/,,,,,,,,,,,,,,,51.3970150,,,Wortel,yes,,,,Apotheek Swaenen,,,2323,,,,,,,,,,,,
,,pharmacy,,,,,,,,,,,,,,54,,,3.4243004,,,,,,,,,,,,,,,,Vijfseweg,,,,,,,,,,,,,,,,,50.8953549,,,Waregem,yes,,,,Apotheek T'Jollyn,,,8790,,,,,,,,,pharmacy,,,
,,pharmacy,no,,,,,,,,yes,,,yes,,132,yes,,4.2415427,,"Mo-Fr 08:00-12:30,13:30-19:00; Sa 08:00-12:30,13:30-16:30",,,,,,,,,,,,,Gbg/3546899,Sint-Rochusstraat,,https://www.apotheektanghe.com/,,,,,,,,,,,+32 2 356 58 19,,,,50.7292553,,,,yes,,,,Apotheek Tanghe,,,,,,,,,,2016-05-09,yes,pharmacy,,,
,,pharmacy,,,,,,,,,,,,,,40,,,5.4773282,,"Mo-We,Fr 09:00-18:30; Th,Sa 09:00-12:30",,,,,,,,,,,,,,Eind,,,,,,,,,,,,,+32 11 80 57 57,,,,51.2631989,,,Hamont-Achel,house,,https://www.facebook.com/pages/Apotheek-Thijs/447283638708119,,Apotheek Thijs,,,3930,,,,,,,,,,,BE,
,,pharmacy,no,,,,,,,,,,Sofie Thomaes,,,114-120,,,3.7170415,,,,,,,,,,,,,,,,Kortrijksesteenweg,,,,,,,,,,,,,,,,,51.0405624,,,Gent,yes,,,,Apotheek Thomaes,,,9000,,,,,,,,yes,pharmacy,,,
,,pharmacy,,,,,,,,,,,,,,230,,,5.2197916,,,,,,,,,,,,,,,,Koolmijnlaan,,,,,,,,,,,,,+32 11 422 638,,,,51.0723753,,,Beringen,commercial,,,,Apotheek Van Dyck,,,3582,,,,,,,,,pharmacy,,BE,
,,pharmacy,,,,,,Runkst,,,,,,,,89A,,,5.3262120,,"Mo-Fr 09:00-12:15, 13:30-18:15; Sa 09:00-12:15",,,,,,,,,,,,,,Gaarveldstraat,,,,,,,,Limburg,,,,,+32 11 27 17 30,,,,50.9258464,,,Hasselt,yes,,,,Apotheek Van Elewijck,,,3500,,,,,,,,,,,BE,
,,pharmacy,,,,,,,,,,,,,,5,,,4.8878537,,,,,,,,,Bing,,,,,,,Cingel,,,,,,,,,,,,,,,,,51.3126448,,,Vosselaar,yes,,,,Apotheek Van Eyck & Desmidt,,,2350,,,,,,,,,,,BE,
,,pharmacy,,,,,,,,,,,,,,29,,,4.7593455,,,,,,,,,,,,,,,,Dorpsstraat,,,,,,,,,,,,,,,,,50.8281540,,,,yes,,,,Apotheek Van Hulle,,,3360,,,,,,,,,,,,
,,pharmacy,,,,,,,,,,,,,,154,,,3.3547583,,,,,,,,,,,,,,,,Liebaardstraat,,,,,,,,,,,,,,,,,50.8826799,,,Desselgem,house,,,,Apotheek Van Wynsberghe,,,8792,,,,,,,,,pharmacy,,,
,,pharmacy,no,,,,,,,,,,Jan Vande Ginste,,,43,,,3.2247082,,"Mo-Tu 9:00-12:30, 14:00-18:30; We 9:00-12:30; Th-Fr 9:00-12:30, 14:00-18:30; Sa 9:00-12:20; Su 9:00-12:30, 14:00-18:30",,,,,,,,,,,,,,Annuntiatenstraat,vandeginste@skynet.be,http://www.apotheekvandeginste.be/,+32 50 34 75 85,,,,,,,,,,+32 50 33 38 67,,,,51.2158436,,,Brugge,yes,,,,Apotheek Vande Ginste,,,8000,,,,,,,,yes,,,BE,
,,pharmacy,,,,,,,,,,,,,,,,,5.2431567,,,,,,,,,AGIV Flandres GRB,,,,,,,,caroline@apotheek-eversel.be,,,,,,,,,,,,+32 11 91 37 30,,,,51.0248550,,,,yes,,,,Apotheek Vandebergh,,,,,,,,,,,,pharmacy,,,
,,pharmacy,,,,,,,,,,,,,,3,,,4.8856162,,,,,,,,,Bing,,,,,,,Schoolstraat,,,,,,,,,,,,,,,,,51.3136449,,,Vosselaar,house,,,,Apotheek Vanden Bussche,,,2350,,,,,,,,,,,BE,
,,pharmacy,,,,,,,,,,,,,,24-26,,,3.3514746,,,,,,,,,,,,,,,,Nieuwstraat,,,,,,,,,,,,,,,,,50.8873394,,,Desselgem,house,,,,Apotheek Vandenbulcke,,,8792,,,,,,,,,pharmacy,,,
,,pharmacy,,,,,,,,,,,,,,,,,5.3871745,,,,,,,,,,,,,,,,,,,,,,,,,,,,,,,,,50.8575951,,,,yes,,,,Apotheek Vandeplas,,,,,,,,,,,,,,,
,,pharmacy,no,,,,,,,,,,,,,6,,,4.0376377,,,,,,,,,,,,,,,,Cesar Meeusstraat,,,,,,,,,,,,,,,,,51.0679924,,,Zele,yes,,,,Apotheek Vanhuysse,,,9240,,,,,,,,yes,pharmacy,,,
,,pharmacy,,,,,,,,,,,,,,74,,,5.4693262,,,,,,,,,,,,,,,,Beverststraat,,,,,,,,,,,,,,,,,50.8935819,,,,yes,,,,Apotheek Vanmeer,,,,,,,,,,,,,,,
,,pharmacy,,,,,,,,,,,,,,126,,,3.6427004,,,,,,,,,,,,,,,,Steenweg,,,,,,,,,,,,,,,,,50.9590559,,,Eke,yes,,,,Apotheek Vanoost - De Ridder,,,9810,,,,,,,,,pharmacy,,,
,,pharmacy,,,,,,,,,,,,,,76,,,4.9267982,,,,,,,,,,,,,,,,Vierde Lansierslaan,,,,,,,,,,,,,,,,,50.8078799,,,Tienen,yes,,,,Apotheek Vanoppré Inge,,,3300,,,,,,,,,pharmacy,,BE,
,,pharmacy,,,,,,,,,,,,,,125,,,3.1298249,,,,,,,,,,,,,,,,Rumbeeksesteenweg,,,,,,,,,,,,,,,,,50.9399631,,,,house,,,,Apotheek Verbelen,,,,,,,,,,,,,,,
,,pharmacy,,,,,,,,,,,,,,72,,,5.3135016,,,,,,,,,,,,,,,,Kerkstraat,,,,,,,,,,,,,,,,,51.2285201,,,Lommel,apartments,,,,Apotheek Verdonk,,,,,,,,,,,,,,BE,
,,pharmacy,no,,,,,,,,,,,,,5,,,4.4902232,,,,,,,,,,,,,,,,Appelkantstraat,,,,,,,,,,,,,+32 3 455 90 72,,,,51.1603872,,,Boechout,yes,,,,Apotheek Vitam,,,2530,,,,,,,,,,,,
,,pharmacy,,,,,,,,,,,,,,16,,,5.5913068,,,,,,,,,,,,,,,,Smisstraat,,,,,,,,,,,,,,,,,50.8335226,,,,yes,,,,Apotheek Vlijtingen,,,,,,,,,,,,,,,
,,pharmacy,,,,,,,,,,,,,,42,,,5.3120187,,,,,,,,,,,,,,,,Kerkstraat,,,,,,,,,,,,,,,,,51.2295482,,,Lommel,house,,,,Apotheek Vreys,,,3920,,,,,,,,,,,BE,
,,pharmacy,,,,,,,,,,,,,,,,,3.5957832,,,,,,,,,,,,,,,,,,https://www.apotheekwaeghe.be/,,,,,,,,,,,,,,,50.9595531,,,,yes,,,,Apotheek Waeghe,,,,,,,,,,,,,,,
,,pharmacy,,,,,,,,,,,,,,7,,,3.0794185,,,,,,,,,,,,,,,,Kerkstraat,,https://wenduine.apotheekwaelkens.be/,,,,,,,,,,,+32 50 41 18 46,,,,51.3008244,,,,yes,,,,Apotheek Waelkens,,,,,,,,,,,,,,,
,,pharmacy,,,,,,,,,,,,,,24,,,4.1261736,,,,,,,,,AGIV Vlaanderen GRB,,,,,,,Nieuwbaan,,https://www.aposite.be/15671/,,,,,,,,,,,,,,,50.8805699,,,Ternat,commercial,,,,Apotheek Walraevens,,,1740,,,,,,,,,,,BE,
,,pharmacy,,,,,,,,,,,Veripharm N.V,,,31,,,5.2127752,,"Mo-Fr 09:00-19:00, Sa 09:00-12:30",,,,,,,,,,,,,,St.-Jozefslaan,,,,,,,,,,,,,,,,,51.1948239,,,Mol,yes,,,,Apotheek Wezel,,,2400,,,,,,,,,,,BE,
,,pharmacy,,,,,,,,,,,,,,26,,,5.3110429,,,,,,,,,,,,,,,,Kerkstraat,,https://www.apothekendevoorzorg.be/nl/onze-apotheken/d/detail/apotheek-de-voorzorg-lommel,,,,,,,,,,,+32 11 54 41 61,,,,51.2301110,,,Lommel,yes,,,,Apotheek de Voorzorg,,,,,,,,,,,,,,BE,
,,pharmacy,no,,,,,,,,,,Hardy,,,6,,,6.1704730,,,,,,,,,,,,,,,,Engelbrücke,,,,,,,,,,,,,,,,,50.3486946,,,,yes,,,,Apotheke Hardy,,,,,,,,,,,yes,pharmacy,,,
,,pharmacy,,,,,,,,,,,,,,85,,,6.0370680,,"Mo-Th 08:30-12:30,14:00-18:30; Fr 08:00-12:30,14:00-18:30; Sa 08:30-15:00",,,,,,,,,,,,,,Gospertstraße,,http://www.apotheke-mertens.be,,,,,,,,,,,,,,,50.6325534,,,Eupen,yes,,,,Apotheke Mertens,,,4700,yes,,,,,,,,,,,
,,pharmacy,,,,,,,,,,,,,,7,,,3.0154542,,,,,,,,,,,,,,,,Ommegang Oost,,,,,,,,,,,,,,,,,50.9320939,,,,commercial,,,,Apotheker Fernagut,,,,,,,,,,,,,,,
,,pharmacy,,,,,,,,,,,,,,"8,8A",,,4.7389566,,,,,,,,,,,,,,,,Astridplein,,,,,,,,Antwerpen,,,,,,,,,51.1910795,,,Grobbendonk,yes,,,,Apotheker J. Van Dijck,,,2280,,,,,,,,,pharmacy,,BE,
,,pharmacy,,,,,,,,,,,,,,10,,,4.8414996,,,,,,,,,bing;survey,,,,,,,,,,,,,,,,,,,,,,,,50.8818154,,,,yes,,,,Apotheker Van Loo,,,,,,,,,,,,,,,
,,pharmacy,,,,,,,,,,,,,,12,,,5.5169135,,,,,,,,,,,,,,,,Markt,,,,,,,,,,,,,,,,,50.8705320,,,Bilzen,yes,,,,Apotheker Vanheusden,,,3740,,,,,,,,,,,,
,,pharmacy,,,,,,,,,,,,,,1,,,4.6457213,,"Mo-Fr 09:00-12:30, 13:30-18:30; Sa 09:00-12:30",,,,,,,,,,,,http://apotil.dynaphar.be/nl/contact.html,,Lipseweg,apotil@dynaphar.be,http://apotil.dynaphar.be,+32 16 60 89 98,,,,,,,,,,+32 16 60 10 44,,,,50.9426156,,,,yes,,,,Apotil,,,,,,,,,,,yes,,,,
,,pharmacy,,,,,,,,,,,,,,207,,,4.4689948,,,,,,,,,,,,,,,,Ter Rivierenlaan,,,,,,,,,,,,,,,,,51.2266601,,,,house,,,,Augustus,,,2100,,,,,,,,,,,,
,,pharmacy,,,,,,,,,,,,,,45,,,4.8015361,,,,,,,,,,,,,,,,Dutselstraat,,,,,,,,,,,,,,,,,50.9258978,,,,house,,,,Balans,,,,,,,,,,,,,,,
,,pharmacy,,,,,,,,,,,,,,,,,4.4834650,,"Mo-Fr 08:30-12:00, 13:30-20:00; Sa 08:30-13:00; PH off",,,,,,,,,,,,,,,,,,,,,,,,,,,,,,,50.6856783,,,,yes,,,,Barbarin,,,,,,,,,,,,,,,
,,pharmacy,,,,,,,,,,,,,,27,,,4.9350644,,,,,,,,,,,,,,,,Leuvensestraat,,,,,,,,,,,,,+32 16 81 12 68,,,,50.8087622,,,Tienen,yes,,,,Bauwens A,,,3300,,,,,,,,,,,BE,
,,pharmacy,,,,,,,Weywertz,,,,,,,20,,,6.1660792,,,,,,,,,,,,,,,,Bahnhofstraße,,,,,,,,,,,,,,,,,50.4295980,,,Weywertz,yes,,,,Bechiri,,,4750,,,,,,,,,,,,
,,pharmacy,,,,,,,,,,,,,,4E,,,4.5775174,,,,,,,,,,,,,,,,Rue du Sud,,,,,,,,,,,,,,,,,50.5109051,,,,yes,,,,Bertrand,,,,,,,,,,,,,,,
,,pharmacy,,,,,,,Heusden,,,,,,,133,,,5.3007494,,"Mo-Fr 08:30-12:30, 13:30-18:30",,,,,,,,,,,,,,Koolmijnlaan,info@apotheekboits.be,,+32 11 57 45 28,,,,,Limburg,,,,,+32 11 57 23 42,,,,51.0397431,,,Heusden-Zolder,yes,,,,Boits,,,3550,,,,,,,,,pharmacy,,BE,
,,pharmacy,,,,,,,,,,,,,,926,,7755945,4.4139614,,,,,,,,,,,,,,,,Chaussée de Louvain - Leuvensesteenweg,,,,,,,,,,,,,,,,,50.8588541,,,Evere,yes,,,,Bollen,,,1140,,,,,,,,yes,,,,
,,pharmacy,,,,,,,Bost,,,,,,,55,,,4.9381525,,,,,,,,,,,,,,,,Hannuitsesteenweg,,,,,,,,,,,,,+32 16 81 57 43,,,,50.7940804,,,Tienen,yes,,,,Bollen S,,,3300,,,,,,,,,,,BE,
,,pharmacy,no,,,,,,,,,,,,,8,,,4.7079412,,"Mo-Fr 08:00-12:30,13:30-18:45; Sa 09:00-13:00",,,,,,,,,,,,,,Rue Baty de Fleurus,,,,,,,,,,,,,+32 81 61 10 81,,,,50.5521884,,,Gembloux,yes,,,,Bomans-Denef,,,5030,,,,,,,,yes,pharmacy,,BE,
,,pharmacy,,,,,,,,,,,,,,12,,,4.4696653,,,,,,,,,,,,,,,,Kapelstraat,,,,,,,,,,,,,,,,,51.1542297,,,Hove,house,,,,Borms,,,2540,,,,,,,,yes,pharmacy,,BE,
,,pharmacy,,,,,,,,,,,,,,105,,,3.1218443,,,,,,,,,,,,,,,,Meensesteenweg,,,,,,,,,,,,,,,,,50.9388833,,,,house,,,,Bouttelisier,,,,,,,,,,,,,,,
,,pharmacy,,,,,,,,,,,,,,14,,,4.1562160,,,,,,,,,,,,,,,,Kerkstraat,,https://www.aposite.be/broechoven/,,,,,,,,,,,+32 2 582 23 78,,,,50.8730373,,,Sint-Katherina-Lombeek,yes,,,,Broechoven,,,1742,,,,,,,,,,,,
,,pharmacy,,,,,,,,,,,,,,20,,,4.9397846,,,https://upload.wikimedia.org/wikipedia/commons/6/62/Torsinplein_20_Tienen.JPG,,,42878,https://inventaris.onroerenderfgoed.be/erfgoedobjecten/42878,,,,,,,,,Torsinplein,apotheek@bulteel.be,https://www.aposite.be/bulteel,,,,Hoekhuis,,,,,,,,,yes,,50.8039158,M,,Tienen,yes,,,,Bulteel,,,3300,,,,1724,,,,,,,BE,OnroerendErfgoed
,,pharmacy,,,,,,,,,,,,,,18,,,5.4836029,,,,,,,,,,,,,,,,Lille Dorp,,,,,,,,,,,,,,,,,51.2264985,,,Pelt,house,,,,Buntinx,,,3910,,,,,,,,,,,BE,
,,pharmacy,,,,,,,,,,,,,,35,,,3.9774362,,,,,,,,,agiv,,,,,,,Markt,,,,,,,,,,,,,,,,,50.9667191,,,,house,,,,Burms-Asselman L.,,,,,,,,,,,,,,,
,,pharmacy,,,,,,,,,,,,,,92,,,4.1385033,,"Mo-Fr 08:30-12:30,13:30-18:30; Sa 09:00-12:30",,,,,,,,,,,,,,Achterthof,,,,,,,,,,,,,,,,,51.0966563,,,,yes,,,,COOP - Apotheek Caroline Van der Veken,,,,,,,,,,,yes,pharmacy,,,
,,pharmacy,,,,,,,,,,,,,,106,,,3.8556671,,,,,,,,,,,,,,,,Marktweg,,,,,,,,,,,,,,,,,50.7692237,,,Geraardsbergen,yes,,,,Callebout-Vogels,,,9500,,,,,,,,,,,,
,,pharmacy,,,,,,,,,,,,,,6,,,3.0343410,,,,,,,,,,,,,,,,Stationsstraat,,,,,,,,,,,,,,,,,51.2721353,,,De Haan,yes,,,,Centrale Apotheek,,,8420,,,,,,,,,,,BE,
,,pharmacy,,,,,,,,,,,,,,6,,,5.3682172,,,,,,,,,,,,,,,,Dorpsstraat,,,,,,,,Limburg,,,,,+32 11 81 32 66,,,,50.9923137,,,Zonhoven,yes,,,,Centrum,,,3520,,,,,,,,,,,BE,
,,pharmacy,,,,,,,,,,,,,,199,,,4.8526991,,,,,,,,,,,,,,,,Oud-Strijderslaan,,https://www.cma.be/,,,,,,,,,,,,,,,51.1755449,,,,yes,,,,Centrum voor Medische Analyse,,,2200,,,,,,,,no,,,,
,,pharmacy,,,,,,,,,,,,,,216,,,4.7602438,,,,,,,,,,,,,,,,Vrijheid,,,,,,,,,,,,,,,,,51.3997527,,,Hoogstraten,yes,,,,Christel De Meester,,,2320,,,,,,,,,,,,
,,pharmacy,,,,,,,,,,,,,,5,,,4.7114751,,,,,,,,,,,,,,,,Pakenstraat,,,,,,,,,,,,,,,,,50.8626060,,,Heverlee,yes,,,,Cleeremans,,,3001,,,,,,,,,,,,
,,pharmacy,,,,,,,,,,,,,,208,,,5.0883756,,,,,,,,,,,,,,,,Ezaart,,,,,,,,,,,,,,,,,51.1773095,,,Mol,house,,,,Cobra Apotheek,,,2400,,,,,,,,,,,BE,
,,pharmacy,,,,,,,,,,,,,,2,,,4.4043639,,,,,,,,,,,,,,,,Jan Van Eycklei,,,,,,,,,,,,,,,,,51.1001488,,,,house,,,,Cools,,,,,,,,,,,yes,,,,
,,pharmacy,,,,,,,,,,,,,,12,,,3.9787039,,,,,,,,,agiv,,,,,,,Markt,,,,,,,,,,,,,,,,,50.9660271,,,,house,,,,D'Haese,,,,,,,,,,,,,,,
,,pharmacy,,,,,,,,,,,,,,1,,,4.1518006,,,,,,,,,,,,,,,,Filip De Pillecynlaan,,,,,,,,,,,,,,,,,51.0901443,,,,yes,,,,D'Hondt Farma,,,,,,,,,,,,pharmacy,,,
,,pharmacy,,,,,,,,,,,,,,56,,,5.3906872,,,,,,,,,,,,,,,,Oppelsenweg,,,,,,,,Limburg,,,,,+32 11 82 54 98,,,,50.9915171,,,Zonhoven,yes,,,,Dams,,,3520,,,,,,,,,,,BE,
,,pharmacy,,,,,,,,Apotheek De Berken,,,,,,89,,,3.4525629,,,,,,,,,,,,,,,Gbg/2951265,Kleitkalseide,,,,,,,,,,,,,,,,,51.1820280,,,Maldegem,house,,,,De Berken,,,9990,,,,,,,2011/07/15,,,,,
,,pharmacy,,,,,,,,,,,,,,122,,,4.8488601,,,,,,,,,,,,,,,,St.-Jobsstraat,,,,,,,,,,,,,,,,,51.1801486,,,,shed,,,,De Ceuster,,,2200,,,,,,,,,,,,
,,pharmacy,,,,,,,,,,,,,,463,,,4.4481289,,Mo-Sa 09:00-18:00,,,,,,,,,,,,,,Battelsesteenweg,,,,,,,,,,,,,,,,,51.0388146,,,Mechelen (Battel),yes,,,,De Lindeboom,,,2800,,,,,,,,,,,,
,,pharmacy,,,,,,,,,,,,,,44,,,4.9493453,,,,,,,,,,,,,,,,Herentalsstraat,,,,,,,,,,,,,,,,,51.3205856,,,,yes,,,,De Meester,,,,,,,,,,,,,,,
,,pharmacy,,,,,,,,,,,Charles Ransart,,,485,,5009608,4.3202499,,Mo-Fr 09:00-19:00; Sa 09:00-12:30,,,,,,,,,,,,,,Chaussée de Neerstalle - Neerstallesteenweg,,http://www.pharmaciedeneerstelle.be,,,,,,,,,,,+32 23 76 63 30,,,,50.7972741,,,,yes,,,,De Neerstelle,,,,,,,,,,,,pharmacy,,,
,,pharmacy,,,,,,,,,,,,,,85,,,3.1427699,,,,,,,,,,,,,,,Gbg/273844,Oude Dorpsweg,,,,,,,,,,,,,,,,,51.1881921,,,Varsenare,house,,,,De Pauw,,,8490,,,,,,,2006/06/02,yes,pharmacy,,,
,,pharmacy,,,,,,,,,,,,,,,,,3.9078961,,"Mo-Th 08:30-12:15, 14:00-19:00;Sa 09:00-12:00",,,,,,,,,,,,,,,,,,,,,,,,,,,,,,,50.7860661,,,,house,,,,De Pril,,,,,,,,,,,,,,,
,,pharmacy,,,,,,,,,,,,,,89,,7917953,4.3622354,,"Mo-Fr 09:15-13:00,14:00-19:00",,,,,,,,,,,,,,Rue Keyenveld - Keienveldstraat,,,,,,,,,,,,,,,,,50.8336307,,,,yes,,,,De Vlamynck,,,,,,,,,,,,pharmacy,,,
,,pharmacy,,,,,,,,,,,,,,13,,,4.5687703,,,,,,,,,,,,,,,,Antwerpsestraat,,,,,,,,Antwerpen,,,,,,,,,51.1321532,,,Lier,yes,,,,De Voorzorg,,,2500,,,,,,,,,,,BE,
,,pharmacy,,,,,,,,,,,,,,14,,,5.1876105,,,,,,,,,,,,,,,,Luikerstraat,,,,,,,,,,,,,+32 11 68 21 09,,,,50.8149405,,,Sint-Truiden,yes,,,,De Voorzorg,,,3800,,,,,,,,,,,BE,
,,pharmacy,,,,,,,,,,,,,,37,,,4.9372341,,,,,,,,,,,,,,,,Gilainstraat,,,,,,,,,,,,,+32 16 81 33 12,,,,50.8095416,,,Tienen,yes,,,,Decatte P,,,3300,,,,,,,,,,,BE,
,,pharmacy,,,,,,,,,,,,,,42,,,3.7229559,,,,,,,,,,,,,,,,Sint-Niklaasstraat,,,,,,,,,,,,,,,,,51.0528663,,,,yes,,,,Decloedt,,,,,,,,,,,,,,,
,,pharmacy,,,,,,,,,,,,,,,,,3.1030928,,,,,,,,,,,,,,,,,,,,,,,,,,,,,,,,,51.0649895,,,,yes,,,,Decorte,,,,,,,,,,,,,,,
,,pharmacy,,,,,,,,,,,,,,,,,4.5112224,,,,,,,,,,,,,,,,,,,,,,,,,,,,,,,,,50.7080114,,,,yes,,,,Decrouez,,,,,,,,,,,,,,,
,,pharmacy,,,,,,,,,,,,,,61,,,4.9472589,,,,,,,,,,,,,,,,Tiensesteenweg,,,,,,,,,,,,,,,,,50.8434734,,,Glabbeek,yes,,,,Delattin,,,3380,,,,,,,,,,,BE,
,,pharmacy,,,,,,,,,,,,,,2,,,4.8384412,2,,,,,,,,,,,,,,,Rue Alfred Bequet,info@pharmaciedelvenne.be,http://www.pharmahomeo.be/,,,,,,,,,,,,,,,50.4614184,,,Namur,yes,,,,"Delvenne, Jean-Luc",,,5000,,,,,,,,,,,,
,,pharmacy,,,,,,,,,,,,,,224,,,4.6957403,,,,,,,,,,,,,,,,Naamsesteenweg,,,,,,,,,,,,,,,,,50.8610655,,,,yes,,,,Demeer,,,,,,,,,,,,pharmacy,,,
,,pharmacy,,,,,,,,,,,,,,,,,3.5567295,,,,,,,,,,,,,,,,,,,,,,,,,,,,,,,,,50.8327008,,,,yes,,,,Derijckere,,,,,,,,,,,,,,,
,,pharmacy,,,,,,,,,,,,,,38,,,4.9276233,,,,,,,,,,,,,,,,Aarschotsesteenweg,,,,,,,,,,,,,+32 16 81 43 79,,,,50.8134483,,,Tienen,yes,,,,Derwael Y,,,3300,,,,,,,,,,,BE,
,,pharmacy,,,,,,,,,,,,,,14,,,5.0970727,,,,,,,,,,,,,,,,Rue Saint Martin,,,,,,,,,,,,,,,,,50.5505613,,,,yes,,,,Dock,,,,,,,,,,,,,,,
,,pharmacy,,,,,,,,,,,,,,107,,,4.6932126,,"Mo-Tu 08:30-18:30;We 08:30-12:30;Th-Fr 08:30-18:30;Sa 09:00-12:30,13:30-18:00",,,,,,,,,,,,,,Avenue de la Faculté d'Agronomie,pharmacie.dosogne@swing.be,https://www.aposite.be/dosogne/,,,,,,,,,,,,,,,50.5686616,,,Gembloux,yes,,,,Dosogne,,,5030,,,,,,,,no,pharmacy,,BE,
,,pharmacy,,,,,,,,,,,,,,,,,4.8662882,4,,,,,,,,,,,,,,,,,,,,,,,,,,,,,1,,,50.4628063,,,Namur,commercial,,,,Easypharma,,,5000,,,,,,,,,,,,
,,pharmacy,,,,,,,,,,,,,,46,,,4.5517187,,,,,,,,,local knowledge,,,,,,,Kerkstraat,,,,,,,,,,,,,,,,,51.2631491,,,,house,,,,Eelen,,,2970,,,,,,,,yes,,,,
,,pharmacy,,,,,,,,,,,,,,35,,,4.2520427,,,,,,,,,,,,,,,Gbg/3550234,Nachtegaalstraat,,,,,,,,,,,,,,,,,50.7391993,,,,yes,,,,Els De Ridder,,,,,,,,,,2012-10-31,,,,,
,,pharmacy,,,,,,,,,,,,,,27,,,4.4810535,,,,,,,,,,,,,,,,Magdalena Vermeeschlaan,,,,,,,,,,,,,,,,,51.1440809,,,Hove,yes,,,,Embrechts,,,2540,,,,,,,,,pharmacy,,BE,
,,pharmacy,,,,,,,,,,,,,,17,,,4.6233090,,,,,,,,,,,,,,,,Rue de Fosses,,,,,,,,,,,,,+32 71 76 05 41,,,,50.4244441,,,,yes,,,,Falipharma,,,,,,,,,,,,,,,
,,pharmacy,,,,,,,,,,,,,,,,,4.5313539,,,,,,,,,,,,,,,,,,,,,,,,,,,,,,,,,50.7158716,,,,yes,,,,Familia,,,,,,,,,,,no,,,,
,,pharmacy,,,,,,,,,,,,,,10,,,4.2050807,,,,,,,,,,,,,,,,Rue de la Soie,,,,,,,,,,,,,,,,,50.6948093,,,,yes,,,,Familia,,,,,,,,,,,yes,pharmacy,,,
,,pharmacy,,,,,,,,,,,,,,,,,5.6030008,,,,,,,,,,,,,,,,,,,,,,,,,,,,,,,,,50.6193175,,,,yes,,,,Fanilia,,,,,,,,,,,yes,,,,
,,pharmacy,,,,,,,,,,,,,,160,,,4.7609967,,,,,,,,,,,,,,,,Vrijheid,,https://www.aposite.be/10112/,,,,,,,,,,,,,,,51.4017820,,,Hoogstraten,yes,,,,Fransen c.v.,,,2320,,,,,,,,,,,,
,,pharmacy,,,,,,,,,,,,,,74,,,4.6011472,,,,,,,,,bing,,,,,,,Chaussée de Nivelles,,,,,,,,,,,,,+32 71 88 80 46,,,,50.5262152,,,,yes,,,,Gilbert - Van Ingel,,,5140,,,,,,,,,,,,
,,pharmacy,,,,,,,,,,,,,,18,,,4.9368673,,,,,,,,,,,,,,,,Hannuitsesteenweg,,,,,,,,,,,,,+32 16 81 21 79,,,,50.7964380,,,,yes,,,,Gilis C,,,,,,,,,,,,,,,
,,pharmacy,,,,,,,,,,,,,,159,,,4.7361957,,,,,,,,,,,,,,,,Leuvensebaan,,,,,,,,,,,,,,,,,50.9144284,,,,house,,,,Gils - Verstappen,,,,,,,,,,,yes,,,,
,,pharmacy,,,,,,,,,,,,,,18,,,4.7596852,,,,,,,,,,,,,,,,Hoek,,,,,,,,,,,,,,,,,51.3474813,,,Rijkevorsel,yes,,,,Goed Apotheek,,,2310,,,,,,,,,pharmacy,,,
,,pharmacy,,,,,,,,,,,,,,37,,,4.3787416,,,,,,,,,,,,,,,,Chaussée Reine Astrid,,,,,,,,,,,,,,,,,50.6858195,,,Braine-l'Alleud,yes,,,,GrandJean,,,1420,,,,,,,,,pharmacy,,,
,,pharmacy,,,,,,,,,,,,,,18,,,3.1262776,,,,,,,,,,,,,,,,Peter Benoitstraat,,,,,,,,,,,,,,,,,51.3140925,,,,yes,,,,Grote Markt,,,,,,,,,,,,,,,
,,pharmacy,,,,,,,,,,,,,,51-55,,,4.1420549,,,,,,,,,,,,,,,,Kapellestraat,,,,,,,,,,,,,,,,,51.0964312,,,,yes,,,,HC Pharma,,,,,,,,,,,yes,pharmacy,,,
,,pharmacy,,,,,,,,,,,,,,,,,3.7464456,,,,,,,,,,,,,,,,,,,,,,,,,,,,,,,,,50.7111245,,,,house,,,,Hanselin Anne,,,,,,,,,,,,,,,
,,pharmacy,,,,,,,,,,,,,,40,,,5.6756564,,"Mo-Fr 09:00-18:30, Sa 09:00-12:30",,,,,,,,,,,,,,Place Joseph Thiry,pharmaciehaufroid@gmail.com,,,,,,,,,,,,+32 4 384 41 24,,,,50.4746150,,,,yes,,,,Haufroid,,,,,,,,,,,yes,pharmacy,,,
,,pharmacy,,,,,,,,,,,,,,25,,,5.3355732,,,,,,,,,,,,,,,,Havermarkt,,https://www.apotheekhavermarkt.be/nl/default/1000000/Home.aspx,,,,,,,,,,,,,,,50.9294472,,,Hasselt,yes,,,,Havermarkt,,,3500,,,,,,,,,,,,
,,pharmacy,,,,,,,,,,,,,,,,,4.3464033,,,,,,,,,,,,,,,,,,,,,,,,,,,,,,,,,51.1442019,,,,yes,,,,Hemifar,,,,,,,,,,,,,,,
,,pharmacy,,,,,,,,,,,,,,120,,,4.9458983,,,https://inventaris.onroerenderfgoed.be/afbeeldingen/35384?size=full,,,42923,https://inventaris.onroerenderfgoed.be/erfgoedobjecten/42923,,,,,,,,,Beauduinstraat,,,,,,Dwarshuis,,,,,,,+32 16 81 10 35,,yes,,50.8034237,M,,Tienen,yes,,,,Hendrickx P,,,3300,,,,1628,,,,,,,BE,OnroerendErfgoed
,,pharmacy,,,,,,,,,,,,,,52,,,4.6918823,,,,,,,,,,,,,,,,Middelweg,,,,,,,,,,,,,,,,,50.8585522,,,,yes,,,,Herbrand,,,,,,,,,,,,pharmacy,,,
,,pharmacy,no,,,,,,,,,,,,,2,,,4.0061502,,,,,,,,,,,,,,,,Emiel Hertecantlaan,,,,,,,,,,,,,+32 52 42 31 81,,,,51.0196362,,,Berlare,house,,,,Hertecant Farma,,,9290,,,,,,,,,,,,
,,pharmacy,,,,,,,,,,,,,,89,,,4.6574306,,,,,,,,,,,,,,,,Markt,,,,,,,,,,,,,,,,,51.1175437,,,Berlaar,yes,,,,Heylen,,,2590,,,,,,,,Heylen,,,,
,,pharmacy,,,,,,,,,,,,,,23,,,4.6725065,,,,,,,,,,,,,,,,Gemeentestraat,,,,,,,,,,,,,,,,,51.1612388,,,,house,,,,Heylen,,,,yes,,,,,,,,,,,
,,pharmacy,,,,,,,,,,,Spiritus Katrijn,,,3,,,5.4921243,,,,,,,,,,,,,,,,Bilzersteenweg,,https://www.apotheekhoeseltpharma.be/,,,,,,,,,,,+32 89 41 12 33,,,,50.8502925,,,Hoeselt,yes,,,,Hoeseltpharma,,,3730,,,,,,,,yes,pharmacy,,,
,,pharmacy,,,,,,,,,,,,,,65,,,4.9839542,,,,,,,,,,,,,,,,Putstraat,,,,,,,,,,,,,+32 16 78 20 64,,,,50.7951952,,,"Hakendover, Tienen",yes,,,,Holsbeek R,,,3300,,,,,,,,,,,BE,
,,pharmacy,,,,,,,,,,,,,,47,,,5.4085243,,,,,,,,,,,,,,,,Molenweg,,,,,,,,,,,,,,,,,50.9880358,,,,yes,,,,Hustings,,,,,,,,,,,yes,,,,
,,pharmacy,,,,,,,,,,,,,,10,,,4.6700142,,,,,,,,,,,,,,,,Hoogstraat,,,,,,,,,,,,,,,,,51.0576406,,,,yes,,,,I. De Bauw,,,,,,,,,,,,,,,
,,pharmacy,,,,,,,,,,,,,,170,,,3.2064691,,,,,,,,,,,,,,,Gbg/3144747,Blankenbergse Steenweg,,,,,,,,,,,,,,,,,51.2280895,,,Brugge,house,,,,K. Lafaut,,,8000,,,,,,,2017-06-16,,,,BE,
,,pharmacy,,,,,,,,,,,,,,90,,,4.3893635,,"Mo-Fr 09:00-13:00, 13:30-18:30; Sa 09:00-13:00, Su, PH off",,,,,,,,,,,,,Gbg/1192173,Kapellestraat,info@kapelleapotheek.be,https://www.kapelleapotheek.be/,,,,,,,,,,,+32 3 877 49 11,,,,51.1301649,,,Aartselaar,house,,,,Kapelle Apotheek,,,2630,,,,,,,2016-05-02,,,,,
,,pharmacy,,,,,,,,,,,,,,312,,8507170,4.3840506,,,,,,,,,,,,,,,,Chaussée de Boondael - Boondaalse Steenweg,,,,,,,,,,,,,,,,,50.8187338,,,,yes,,,,La Pharmacie de la Petite Suisse,,,,,,,,,,,,,,,
,,pharmacy,,,,,,,,,,,,,,27,,,4.3289348,,,,,Pharmacie Laurent Staquet SPRL,,,,,,,,,,,Rue de la Station,,,,,,,,,,,,,+32 71 84 40 22,,,,50.4892734,,,Gouy-Lez-Pieton,yes,,,,Laurent Staquet SPRL,,,6181,,,,,,,,,,,,
,,pharmacy,no,,,,,,,,,,,,,106,,,3.3240858,,,,,,,,,,,,,,,,Dorpsstraat,,https://www.apotheekleenesonne.be/,,,,,,,,,,,,,,,51.2012499,,,Sijsele,commercial,,,,Leenesonne,,,8340,,,,,,,,,,,,
,,pharmacy,,,,,,,,,,,,,,186,,,4.9270318,,,,,,,,,,,,,,,,Mulkstraat,,,,,,,,,,,,,+32 16 81 88 73,,,,50.8010076,,,Tienen,yes,,,,Lemmens S,,,3300,,,,,,,,,,,BE,
,,pharmacy,,,,,,,,,,,,,,37,,,3.2906560,,,,,,,,,,,,,,,,Oostrozebekestraat,,,,,,,,,,,,,,,,,50.9481860,,,,yes,,,,Leupe,,,,,,,,,,,,,,,
,,pharmacy,,,,,,,,,,,,,,10,,,5.6144424,,Mo-Fr 09:00-19:00; Sa 09:00-12:30,,+32 4 3650767,,,,,,,,,,,,Rue Neuve,,,,,,,,,,,,,,,,,50.6126103,,,,house,,,,Leurquin A.,,,4032,,,,,,,,yes,,,,
,,pharmacy,,,,,,,,,,,,,,46,,,4.7412072,,,,,,,,,bing,,,,,,,,,,,,,,,,,,,,,,,,50.9416948,,,,yes,,,,Libbrecht,,,,,,,,,,,,,,,
,,pharmacy,,,,,,,,,,,,,,65,,,4.9503203,,,,,,,,,,,,,,,,Graatakker,,,,,,,,,,,,,,,,,51.3176460,,,Turnhout,commercial,,,,Lloyds Pharmacy,,,2300,,,,,,,,,,,,
,,pharmacy,,,,,,,,,,,,,,40,,,4.7637403,,,,,,,,,,,,,,,,Minderhoutdorp,,https://www.lloydspharma.be/nl/stores-nl,,,,,,,,,,,,,,,51.4162980,,,Minderhout,yes,,,,Lloyds Pharmacy,,,2322,,,,,,,,,,,,
,,pharmacy,,,,,,,,,,,,,,84,,,4.9328612,,,,,,,,,,,,,,,,Leuvensestraat,,,,,,,,,,,,,+32 16 81 13 56,,,,50.8094082,,,Tienen,yes,,,,Lobbinger Y,,,3300,,,,,,,,,,,BE,
,,pharmacy,,,,,,,,,,,,,,,,,5.5993496,,"Mo-Fr 09:00-12:30, 14:00-18:45; Sa 09:00-12:30",,+32 4 3651758,,,,,,,,,,,,,,http://pharmacielonneux.be/fr,,,,,,,,,,,,,,,50.6111412,,,,yes,,,,Lonneux Pharmacie,,,,,,,,,,,yes,,,,
,,pharmacy,,,,,,,,,,,,,,174,,,4.7263250,,,,,,,,,,,,,,,,Koning Albertlaan,,,,,,,,,,,,,,,,,50.8762048,,,Kessel-Lo,yes,,,,Lox G.,,,3010,,,,,,,,yes,,,,
,,pharmacy,,,,,,,,,,,,,,168,,,4.6911556,,,,,,,,,,,,,,,,Bouwelsesteenweg,,,,,,,,,,,,,,,,,51.1655606,,,Nijlen,yes,,,,Luc Luyten,,,2560,,,,,,,,,,,BE,
,,pharmacy,,,,,,,,,,,,,,272,,,4.4287173,,,,,,,,,,,,,,,,Prins Boudewijnlaan,,,,,,,,,,,,,,,,,51.1602295,,,Edegem,house,,,,Luyckx,,,2650,,,,,,,,,pharmacy,,BE,
,,pharmacy,,,,,,,,,,,,,,151,,,5.5400136,,,,,,,,,,,,,,,,Rue Walthère Jamar,,,,,,,,,,,,,,,,,50.6525011,,,Ans,yes,,,,M. Senterre,,,4430,,,,,,,,,,,BE,
,,pharmacy,,,,,,,,,,,,,,1,,,3.1199125,,,,,,,,,,,,,,,,Brugsesteenweg,aporoeselare@msiroeselaretielt.be,,,,,,,,,,,,+32 51 20 66 62,,,,50.9514719,,,,commercial,,,,MSI Louwagie,,,,,,,,,,,,,,,
,,pharmacy,,,,,,,,,,,,,,1A,,,5.3403843,,"Mo-Fr 09:00-12:30,13:30-19:00, Sa 09:00-13:00",,,,,,,,,,,,,,Chemin de Huy,,,,,,,,,,,,,,,,,50.2905165,,,Baillonville,house,,,,Ma Pharmacie,,,5377,,,,,,,,,,,,
,,pharmacy,,,,,,,,,,,,,,,,,4.9120080,,,,,,,,,,,,,,,,,,,,,,,,,,,,,,,,,50.5922934,,,,yes,,,,Mailleux,,,,,,,,,,,,pharmacy,,,
,,pharmacy,,,,,,,,,,,,,,575,,,4.2252545,,,,,,,,,,,,,,,,Brusselstraat,,,,,,,,,,,,,,,,,50.8798774,,,Sint-Ulriks Kapelle,yes,,,,Marina Girardin,,,1700,,,,,,,,,,,,
,,pharmacy,no,,,,,,,,,,,,,43,,,3.6852341,,,,,,,,,,,,,,,Gbg/1411986,Groenestaakstraat,,,,,,,,,,,,GRB,,,,,51.0814813,,,Gent,yes,,,,Martens Mireille,,,9030,,,,,,,2007-06-04,yes,pharmacy,,,
,,pharmacy,,,,,,,,,,,,,,154a,,,5.9522400,,,,,,,,,,,,,,,,Rue de Spa,,,,,,,,,,,,,,,,,50.4559860,,,Francorchamps,yes,,,,Martin,,,,,,,,,,,,,,,
,,pharmacy,,,,,,,,,,,,,,4,,,4.4213342,,,,,,,,,bing,,,,,,,,,,,,,,,,,,,,,,,,51.0482038,,,,house,,,,Masschelin A,,,,,,,,,,,,,,,
,,pharmacy,,,,,,,,,,,,,,,,,4.6167030,,Mo-Sa 10:00-20:00; Fr 10:00-21:00; PH off,,,,,,,,,,,,,,,,https://medi-market.be/fr,,room,,,,,,,,,,,,,50.6710832,,1,,,,,,Medi-Market,,,,,,,,,,,no,,,,
,,pharmacy,,,,,,,,,,,,,,,,,4.3847882,,,,,,,,,,,,,,,,,,,,,,,,,,,,,,,,,50.9291759,,,,yes,,,,MediPro,,,,,,,,,,,,,,,
,,pharmacy,,,,,,,,,,,,,,,,,4.3995799,,,,,,,,,,,,,,,,,,,,,,,,,,,,,,,,,50.7119068,,,,yes,,,,Medimarket,,,,,,,,,,,,,,,
,,pharmacy,,,,,,,Nieuwrode,,,,,,,47,,,4.8342157,,"Mo-Fr 09:00-12:30, 13:15-19:00; Sa 09:00-12:30",,,,,,,,,,,,,,Dorp,,https://www.apotheekmees.be/,+32 16 46 42 14,,,,,Vlaams-Brabant,,,,,+32 16 56 46 11,,,,50.9506420,,,Holsbeek,yes,,,,Mees,,,3221,,,,,,,,,,,BE,
,,pharmacy,,,,,,,,,,,,,,54,,,5.5661918,,Mo-Fr09:00-18:30; Sa 09:30-18:00; Su off,,,,,,,,,,,,,,Rue Saint-Gilles,,,,,,,,,,,,,+32 4 2231472,,,,50.6392467,,,Liège,yes,,,,Meurmans,,,4000,,,,,,,,yes,pharmacy,,,
,,pharmacy,,,,,,,,,,,,,,1,,,5.2335906,,,,,,,,,,,,,,,,Rue Ernest Malvoz,,,,,,,,,,,,,,,,,50.5497361,,,Antheit,yes,,,,Multi-pharma,,,4520,,,,,,,,,,,,
,,pharmacy,,,,,,,,,,,,,,,,,5.2551543,,,,,,,,,,,,,,,,,,,,,,,,,,,,,,,,,50.5263599,,,,commercial,,,,MultiPharma Jamaigne,,,,,,,,,,,,,,,
,,pharmacy,,,,,,,,,,,,,,21,,,4.2085180,,,,,,,,,,,,,,,,Chaussée de Redemont,,,,,,,,,,,,,,,,,50.4665656,,,Haine-Saint-Pierre,yes,,,,MultiPharmacie,,,7100,,,,,,,,yes,pharmacy,,,
,,pharmacy,,,,,,,,,,,,,,266;266A,,,4.4779321,,"Mo-Fr 09:00-12:30,14:00-18:30; Sa 09:00-12:30",,,,,,,,,,,,,,Liersesteenweg,,,,,,,,,Multipharma,,,,,,,,51.0424087,,,,house,,,,Multipharam Apotheek,,,,,,,,,,,,pharmacy,,,
,,pharmacy,,,,,,,,,,,,,,4,,,5.5670998,,,,,,,,,,,,,,,,Boulevard Jean de Wilde,,,,,,,,,,,,,,,,,50.6594727,,,Liège,yes,,,,Multipharma,,,4000,,,,,,,,,,,BE,
,,pharmacy,,,,,,,,,,,,,,,,,5.3456744,,,,,,,,,,,,,,,,,,,,,,,,,,,,,,,,,50.9478198,,,,yes,,,,Multipharma,,,,,,,,,,,yes,,,,
,,pharmacy,,,,,,,,,,,,,,,,,4.4199064,,,,,,,,,,,,,,,,,,,,,,,,,,,,,,,,,50.8610074,,,,yes,,,,Multipharma,,,,,,,,,,,,,,,
,,pharmacy,,,,,,,,,,,,,,121,,7752707,4.3015369,,,,,,,,,,,,,,,,Rue de Grand-Bigard - Groot-Bijgaardenstraat,,,,,,,,,,,,,,,,,50.8593570,,,,yes,,,,Multipharma,,,,,,,,,,,yes,,,,
,,pharmacy,,,,,,,,,,,,,,14,,,4.5435481,,,,,,,,,,,,,,,,Place d'Armes,,,,,,,,,,,,,,,,,50.1958601,,,Philippeville,yes,,,,Multipharma,,,5600,,,,,,,,,,,,
,,pharmacy,,,,,,,,,,,,,,73,,,4.2022929,,,,,,,,,,,,,,,,Rue de Mons,,,,,,,,,,,,,,,,,50.6905883,,,,yes,,,,Multipharma,,,,,,,,,,,no,,,,
,,pharmacy,,,,,,,,,,,,,,98,,8715236,4.4262724,,"Mo-Fr 09:00-12:30,14:00-18:30; Sa 09:30-12:30",,,,,,,,,,Q62565018,,,,Avenue Antoine-Joseph Slegers - Antoine-Joseph Slegerslaan,,,,,,,,,Multipharma,,,,,,,,50.8412162,,,,retail,,,,Multipharma,,,,,,,,,,,yes,pharmacy,,,
,,pharmacy,,,,,,,,,,,,,,,,,3.4505617,,,,,,,,,,,,Q62565018,,,,,,,,,,,,,Multipharma,,,,,,,,50.5662024,,,,yes,,,,Multipharma,,,,,,,,,,,yes,pharmacy,,,
,,pharmacy,,,,,,,,,,,,,,41,,,4.3229008,,,,,,,,,,,,,,,,Grand Place,,,,,,,,,,,,,,,,,50.5967458,,,Nivelles,yes,,,,Multipharma,,,1400,,,,,,,,,,,,
,,pharmacy,,,,,,,,,,,,,,,,,4.4418928,,,,,,,,,,,,,,,,,,,,,,,,,,,,,,,,,50.4085781,,,,yes,,,,Multipharma,,,,,,,,,,,,,,,
,,pharmacy,,,,,,,,,,,Multipharma,,,2,,,4.4664899,,,,,,,,,,,,,,,,Baron Leroystraat,,,,,,,,,,,,,,,,,51.2257149,,,Antwerpen,house,,,,Multipharma,,,2100,,,,,,,,,,,,
,,pharmacy,,,,,,,,,,,,,,,,,5.6498119,,,,,,,,,,,,,,,,,,,,,,,,,,,,,,,,,50.6959188,,,,,,,,Multipharma,,,,,,,,,,,,,,,
,,pharmacy,,,,,,,,,,,,,,7,,,5.6177479,,,,,,,,,,,,,,,,Rue de la Tour,,,,,,,,,,,,,,,,,50.7091570,,,Hermée,yes,,,,Multipharma,,,4680,,,,,,,,,pharmacy,,,
,,pharmacy,,,,,,,,,,,,,,,,,4.2045806,,,,,,,,,,,,Q62565018,,,,,,,,,,,,,Multipharma,,,,,,,,50.6929002,,,,yes,,,,Multipharma,,,,,,,,,,,yes,pharmacy,,,
,,pharmacy,no,,,,,,,,,,,,,68,,,5.1243024,,"Mo-Fr 08:30-12:00,13:30-18:30; Sa 09:00-12:30",,,,,,,,,,,,,,Rue de Ciney,,,,,,,,,,,,,+32 85 61 11 01,,,,50.4351386,,,Ohey,yes,,,,Multipharma,,,5350,,,,,,,,,,,,
,,pharmacy,,,,,,,,,,,,,,,,,4.3927461,,,,,,,,,,,,,,,,Place des Martyrs,,,,,,,,,,,,,,,,,50.5090768,,,Luttre,yes,,,,Multipharma,,,6238,,,,,,,,,,,,
,,pharmacy,,,,,,,,,,,,,,2A,,,5.6468269,,"Mo-Fr 09:00-12:30,14:00-19:00; Sa 09:00-12:30",,,,,,,,,,,,,,Rue Émile Baudrux,,https://www.multipharma.be/,,,,,,,,,,,,,,,49.7276708,,,Habay-la-Neuve,yes,,,,Multipharma,,,6720,,,,,,,,yes,,,BE,
,,pharmacy,,,,,,,,,,,BASTIN Laurence,,,30,,,4.0408107,,"Mo-Fr 08:30-12:30,13:30-18:15; Sa 08:30-12:00",,,,,,,,,,,,,,Rue de Bruxelles,,,,,,,,,,,,,,,,,50.6943580,,,,yes,,,,Multipharma - Enghien,,,,,,,,,,,,pharmacy,,,
,,pharmacy,,,,,,,,,,,,,,71,,,5.5656966,,"Mo-Fr 09:00-12:30, 13:30-18:00; Sa 09:00-12:00",,+32 4 2221615,,,,,,,,,,,,Rue Saint-Severin,,,,,,,,,,,,,,,,,50.6454050,,,Liège,yes,,,,Multipharma Liège,,,4000,,,,,,,,yes,,,,
,,pharmacy,,,,,,,,,,,,,,113,,,3.9835087,,"Mo,Tu,Th,Fr 09:00-12:00,14:00-19:00, Sa 09:00-12:00, We 14:00-19:00",,,,,,,,,,,,,Gbg/957874,Groendreef,,,,,Neyt,,,,,,,GRB,,,,,51.1110094,,,,house,,,,Neyt,,,,,,,,,,2007-12-14,,,,,
,,pharmacy,,,,,,,,,,,,,,3,,,4.0608380,,,,,,,,,,,,,,,,Hofstraat,,,,,,,,,,,,,,,,,51.0093006,,,,yes,,,,Obus,,,,,,,,,,,,,,,
,,pharmacy,,,,,,,,,,,,,,105,,,4.2670179,,,,,,,,,,,,,,,,Rue de l'Entreville,,,,,,071 59 03 62,,,,,,,,,,,50.3529646,,,Lobbes,yes,,,,Orban C,,,6540,,,,,,,,yes,,,,
,,pharmacy,,,,,,,,,,,,,,,,,4.3025837,,"Mo-Fr 09:00-13:30,14:00-19:00; Sa 09:00-12:30",,,,,,Name is apparently only in French - please do not translate unless there is evidence that they are using multilingual names,,,,,,,,,,,,,,,,,,,,,,,,,50.8332513,,,,,,,,Parc Astrid,,,,,,,,,,,,,,,
,,pharmacy,,,,,,,,,,,,,,12,,,4.9544403,,,,,,,,,,,,,,,,Sint-Truidensesteenweg,,,,,,,,,,,,,+32 16 81 12 64,,,,50.8011960,,,Tienen,yes,,,,Peeters S,,,3300,,,,,,,,,,,BE,
,,pharmacy,,,,,,,,,,,,,,19,,,5.7346235,,,,,Apotheek Penders-Daniëls,,,,,,,,,,,Oudekerkstraat,,,,,,,,,,,,,,,,,51.1684277,,,Kinrooi,yes,,,,Penders-Daniëls,,,3640,,,,,,,,yes,,,BE,
,,pharmacy,,,,,,,,,,,,,,2,,,5.5998243,,,,,,,,,,,,,,,,Rue Henri Pirenne,,,,,,,,,,,,,,,,,50.6275172,,,Liège,yes,,,,Phamarcie Grivegnée,,,4030,,,Grivegnée,,,,,no,,,BE,
,,pharmacy,,,,,,,,,,,Fabian TRUS,,,80,,,5.5383301,,"Mo-Fr 08:30-12:30,13:30-18:00; Sa 09:00-12:00",,,,,,,,,,,,,,Boulevard des Arts,officine18@pharmasante.be,https://www.solidaris-liege.be/pharma_sante/trouvez-une-officine/seraing-bois-saint-jean-boulevard-des-arts-80.html,,,,,,,,,,,+32 4 336 38 57,,,,50.5913899,,,Seraing,yes,,,,Pharma Sante - Les Pharmacies Du Peuple,,,4102,,,,,,,,,pharmacy,,,
,,pharmacy,,,,,,,,,,,,,,84,,,4.9255710,,,,,,,,,,,,,,,,Rue de la Gare de Naninne,,,,,,,,Namur,,,,,,,,,50.4186696,,,Naninne,house,,,,Pharmacie,,,5100,,,,,,,,,,,BE,
,,pharmacy,,,,,,,,,,,,,,,,,4.9867805,,,,,,,,,,,,,,,,,,,,,,,,,,,,,,,,,50.7536774,,,,yes,,,,Pharmacie,,,,,,,,,,,,,,,
,,pharmacy,,,,,,,,,,,,,,10,,,4.8671366,,,,,,,,,,,,,,,,Avenue des Déportés,,,,,,,,,,,,,,,,,50.7237219,,,,yes,,,,Pharmacie,,,,,,,,,,,,,,,
,,pharmacy,,,,,,,,,,,Pharmaciens Wallon - Van der Maren,,,5,,7603115,4.3035510,,"Mo-Fr 09:00-12:30,14:00-19:00; Sa 09:00-12:30",,,,,,,,,,,,,,Boulevard Aristide Briand - Aristide Briandlaan,,https://www.santalis.eu/pharmacie-agalec,,,,,,,,,,,+32 2 521 47 02,,,,50.8292067,,,Anderlecht,yes,,,,Pharmacie AGALEC,,,1070,,,,,,,,,,,BE,
,,pharmacy,,,,,,,,,,,,,,41,,,4.7808615,,,,,,,,,,,,,,,,Chaussée de Charleroi,,,,,,,,,,,,,+32 81 65 71 14,,,,50.6369188,,,,yes,,,,Pharmacie Ancia,,,,,,,,,,,,,,,
,,pharmacy,,,,,,,,,,,Thérèse Angely,,,652,,,4.8954113,,Mo-Fr 08:30-19:00; Sa 09:00-12:30,,,,,,,,,,,,,,Chaussée de Louvain,,https://www.aposite.be/angely5020/,+32 81 21 30 04,,,,,,,,,,+32 81 21 51 09,,,,50.4959621,,,Champion,yes,,,,Pharmacie Angely,,,5020,,,,,,,,,,,,
,,pharmacy,,,,,,,,,,,,,,119,,,4.6711708,,,,,,,,,,,,,,,,Chaussée de Huy,,,,,,,,,,,,,,,,,50.6993648,,,,yes,,,,Pharmacie Anthoine,,,,,,,,,,,,,,,
,,pharmacy,,,,,,,,,,,,,,9,,,4.8720191,,"Mo-Fr 09:00-12:30, 14:00-18:30; Sa 09:00-12:15",,,,,,,,,,,,,,Rue Jean-Baptiste Brabant,,,,,,,,,,,,,,,,,50.4656468,,,Namur,yes,,,,Pharmacie B. Allard,,,5000,,,,,,,,,,,,
,,pharmacy,,,,,,,,,,,,,,214,,,5.2311151,,,,,,,,,,,,,,,,Chaussée de Tirlemont,,http://www.pharmaspeed.be/,,,,,,,,,,,+32 85 21 18 69,,,,50.5616872,,,Vinalmont,house,,,,Pharmacie Badot,,,4520,,,,,,,,,,,,
,,pharmacy,,,,,,,,,,,,,,,,,5.0485316,,,,,,,,,,,,,,,,,,,,,,,,,,,,,,,,,50.6691634,,,,yes,,,,Pharmacie Bataille,,,,,,,,,,,,,,,
,,pharmacy,,,,,,,,,,,,,,,,,3.2335207,,,,,,,,,,,,,,,,,,,,,,,,,,,,,,,,,50.7387088,,,,yes,,,,Pharmacie Beuls,,,,,,,,,,,yes,pharmacy,,,
,,pharmacy,,,,,,,,,,,,,,,,,5.3048082,,"Mo-Fr 08:30-12:00,14:00-19:00; Sa 09:00-12:00",,,,,,,,,,,,,,,,,,,,,,,,,,,,,,,50.4849340,,,,house,,,,Pharmacie Billen,,,,,,,,,,,no,,,,
,,pharmacy,,,,,,,,,,,,,,22,,,4.6916343,,,,,,,,,bing,,,,,,,Place de l'Orneau,,https://www.aposite.be/bouchat5030,,,,,,,,,,,+32 81 61 21 97,,,,50.5609186,,,Gembloux,yes,,,,Pharmacie Bouchat,,,5030,,,,,,,,no,,,BE,
,,pharmacy,,,,,,,,,,,,,,21,,,5.8329134,,,,,,,,,,,,,,,,Place de Petit-Rechain,,,,,,,,,,,,,,,,,50.6132549,,,Verviers,yes,,,,Pharmacie Classen A.,,,4800,,,,,,,,yes,pharmacy,,,
,,pharmacy,,,,,,,,,,,,,,231,,,4.6945287,2,,,,,,,,,,plaster,,,,,Chaussée de Huy,,,,,,,,,,,,,,1,,along,50.6842310,,,,yes,#FFFFFF,,,Pharmacie Coppe,,gabled,,,,,,,,,yes,,roof_tiles,,
,,pharmacy,,,,,,,,,,,,,,30,,8086252,4.3700141,,,,,,,,,,,,,,,,Place de la Reine - Koninginneplein,,,,,,,,,,,,,,,,,50.8589514,,,Schaerbeek - Schaarbeek,yes,,,,Pharmacie Courouble,,,1030,,,,,,,,,,,,
,,pharmacy,,,,,,,,,,,,,,26,,,5.2757567,,,,,,,,,,,,,,,,Rue Delvigne,,,,,,,,,,,,,,,,,50.1675187,,,,house,,,,Pharmacie Crochelet,,,6900,,,,,,,,,,,,
,,pharmacy,,,,,,,,,,,,,,54,,,4.2035392,,,,,,,,,,,,,,,,Rue de Mons,,,,,,,,,,,,,,,,,50.6913296,,,,yes,,,,Pharmacie Cullus,,,,,,,,,,,,,,,
,,pharmacy,,,,,,,,,,,,,,19,,,5.6198001,,,,,,,,,,,,,,,,Voie de Messe,,,,,,,,,,,,,,,,,50.7111773,,,Hermée,yes,,,,Pharmacie Darcis Janssen,,,4680,,,,,,,,,pharmacy,,,
,,pharmacy,,,,,,,,,,,,,,123,,,5.1083599,,,,,,,,,,,,,,,,Rue de la Gare,phcie.daubie@skynet.be,,,,,,,,,,,,+32 83 211810,,,,50.2670858,,,Leignon,yes,,,,Pharmacie Daubie,,,5590,,,,,,,,yes,,,,
,,pharmacy,,,,,,,,,,,,,,19,,7956399,4.3726398,,,,,,,,,,,,,,,,Place Colignon - Colignonplein,,,,,,,,,,,,,,,,,50.8674365,,,Schaerbeek - Schaarbeek,yes,,,,Pharmacie De Croock,,,1030,,,,,,,,,,,,
,,pharmacy,,,,,,,,,,,,,,,,,5.0671503,,,,,,,,,,,,,,,,,,,,,,,,,,,,,,,,,50.4064998,,,,,,,,Pharmacie Degimbe,,,,,,,,,,,no,,,,
,,pharmacy,,,,,,,,,,,,,,280,,,4.8333836,,,,,,,,,bing,,,,,,,Route de Gembloux,,,,,,,,,,,,,,,,,50.6001030,,,Aische-en-Refail,yes,,,,Pharmacie Dejardin / Veronique,,,5310,,,,,,,,yes,pharmacy,,BE,
,,pharmacy,,,,,,,,,,,,,,4,,,5.8726447,,,,,,,,,,,,,,,,Place d'Arles,,,,,,,,,,,,,,,,,50.5858470,,,Verviers,yes,,,,Pharmacie Demonceau,,,4800,,,,,,,,,pharmacy,,,
,,pharmacy,,,,,,,,,,,,,,"134,136",,,4.3795328,,,,,,,,,,,,,,,,Avenue Alphonse Allard,,,,,,,,,,,,,,,,,50.6782706,,,Braine-l'Alleud,yes,,,,Pharmacie Derache,,,1420,,,,,,,,,pharmacy,,,
,,pharmacy,,,,,,,,,,,,,,10,,,5.6755187,,Mo-Fr 09:00-18:30; Sa 09:00-12:30,,,,,,,,,,,,,,Place Joseph Thiry,,http://pharmaciedetraitisabelle.be/,,,,,,,,,,,+32 4 384 40 02,,,,50.4739282,,,,yes,,,,Pharmacie Detrait,,,,,,,,,,,yes,pharmacy,,,
,,pharmacy,,,,,,,,,,,,,,27,,,4.9200561,,"Mo-Fr 08:30-12:30,13:30-19:00; Sa 08:30-12:30",,,,,,,,,,,,,,Rue du Soldat Fernand Charles,,https://www.pharmacie-detroz.be/,,,,,,,,,,,+32 81 87 71 37,,,,50.6679794,,,Autre-Eglise,yes,,,,Pharmacie Detroz,,,1367,,,,,,,,,,,,
,,pharmacy,,,,,,,,,,,,,,24,,,5.8605536,,,,,,,,probably this building must be split in two. The pharmacy is the right building,,,,,,,,Rue de la Station,,,,,,,,,,,,,+32 87 68 70 34,,,,50.7032256,,,Aubel,house,,,,Pharmacie Detry Dupont sprl,,,4880,,,,,,,,,,,,
,,pharmacy,,,,,,,,,,,,,,41,,,5.5599202,,Mo-Fr 09:00-18:30; Sa 09:00-13:00,,+32 4 2260259,,,,,,,,,,,,Chaussée de Tongres,,,,,,,,,,,,,,,,,50.6650774,,,Rocourt,yes,,,,Pharmacie Discry-Evrard,,,4000,,,,,,,,yes,,,BE,
,,pharmacy,,,,,,,,,,,,,,41,,,5.3218370,,,,,,,,,,,,,,,,Rue Caquin,,,,,,,,,,,,,,,,,50.6421324,,,,yes,,,,Pharmacie Discry-Mordant,,,,,,,,,,,,,,,
,,pharmacy,,,,,,,,,,,,,,1,,,4.8709267,,,,,,,,,,,,,,,,Avenue Fernand Charlot,,https://www.santalis.eu/pharmacie-ergot,,,,,,,,,,,+32 10 812139,,,,50.7233082,,,Jodoigne,yes,,,,Pharmacie Ergot,,,1370,,,,,,,,,pharmacy,,,
,,pharmacy,,,,,,,,,,,,,,,,,4.3606085,,,,,,,,,,,,,,,,,,,,,,,,,,,,,,,,,50.5115098,,,,yes,,,,Pharmacie Evrard,,,,,,,,,,,yes,pharmacy,,,
,,pharmacy,,,,,,,,,,,,,,4,,,4.3698883,3,,,,,,,,,,,,,,,Rue du Môle,,,,,,,,,,,,,,,,,50.6829572,,,Braine-l'Alleud,yes,,,,Pharmacie Familia,,,1420,,,,,,,,,pharmacy,,,
,,pharmacy,,,,,,,,,,,,,,,,,5.3805209,,,,,,,,,,,,,,,,,,,,,,,,,,,,,,,,,50.4831709,,,,yes,,,,Pharmacie Familia,,,,,,,,,,,,,,,
,,pharmacy,,,,,,,,,yes,,,,,13,yes,,4.2972149,,,,,,,,,,,,,,,,Avenue Gaston Mertens,wauthier.braine@epc-familia.be,,,,,,,,,,,,,,,,50.6827941,,,,yes,,,,Pharmacie Familia Wauthier-Braine,,,1440,,,,,,,,,,,,
,,pharmacy,,,,,,,,,,,,,,18,,,4.3901257,,,,,,,,,Pharmacien,,,,,,,Rue Froide,,,,,,,,,,,,,+32 71 21 30 11,,,,50.3215468,,,Ham-sur-Heure,yes,,,,Pharmacie Françoise Desablens,,,6120,,,,,,,,,,,,
,,pharmacy,,,,,,,,,,,,,,,,,4.3613701,,,,,,,,,,,,,,,,,,,,,,,,,,,,,,,,,50.5119627,,,,yes,,,,Pharmacie Glorieux,,,,,,,,,,,yes,pharmacy,,,
,,pharmacy,,,,,,,,,,,,,,11,,,4.7162099,,,,,,,,,,,,,,,,Chaussée de Louvain,,http://www.pharmaciegoes.be/,,,,,,,,a,,,,,,,50.7801546,,,Hamme-Mille,yes,,,,Pharmacie Goes,,,1320,,,,,,,,yes,pharmacy,,,
,,pharmacy,,,,,,,,,,,,,,,,,5.0812669,,,,,,,,,,,,,,,,,,,,,,,,,,,,,,,,,50.6701813,,,,yes,,,,Pharmacie Gustin,,,,,,,,,,,,,,,
,,pharmacy,,,,,,,,,,,,,,,,,5.0853363,,,,,,,,,,,,,,,,,,,,,,,,,,,,,,,,,50.6681302,,,,yes,,,,Pharmacie Hanquin,,,,,,,,,,,,,,,
,,pharmacy,,,,,,,,,,,,,,30A,,,5.0213796,,,,,,,,,,,,,,,,Chaussée de Marche,,http://www.assessetourisme.be/vie-economique/leconomie-assessoise/professions-liberales/pharmacies/shop.2007-11-30.9108817067,,,,,,,,,,,+32 83 65 70 65,,,,50.3724685,,,Assesse,yes,,,,Pharmacie Haulot-Bauche,,,5330,,,,,,,,,,,,
,,pharmacy,,,,,,,,,,,,,,2,,,5.3249985,,"Mo-Sa 09:00-12:30, 14:00-19:00; Sa 09:00-12:30",,,,,,,,,,,,,,Rue du Village,,https://pharmacie-heine-sprl.business.site/,,,,,,,,,,,+32 19 54 40 23,,,,50.6820309,,,Remicourt,commercial,,,,Pharmacie Heine,,,4350,yes,,,,,,,yes,,,,
,,pharmacy,no,,,,,,,,,,Henrotte,,,,,,5.5338798,,,,,,,,,,,,,,,,,,,,,,,,,,,,,,,,,50.4261682,,,Hamoir,yes,,,,Pharmacie Henrotte,,,4180,,,,,,,,,,,,
,,pharmacy,,,,,,,,,,,,,,,,,4.3890785,,,,,,,,,,,,,,,,,,,,,,,,,,,,,,,,,50.5068990,,,,,,,,Pharmacie Henry,,,,,,,,,,,,,,,
,,pharmacy,no,,,,,,,,,,,,,,,,3.9240437,2,,,,,,,,,,,,,,,,,http://www.pharmacieherbaux.be,,,,,,,,,,,,,,,50.6484909,,,,yes,,,,Pharmacie Herbaux,,,,,,,,,,,yes,pharmacy,,,
,,pharmacy,,,,,,,,,,,,,,,,,4.5656873,,,,,,,,,,,,,,,,,,,,,,,,,,,,,,,,,50.6610636,,,,yes,,,,Pharmacie Herbillon,,,,,,,,,,,,,,,
,,pharmacy,,,,,,,,,,,,,,,,,5.8125374,,"Mo-Fr 08:30-12:15+,13:30-18:30; Sa 09:00-12:15+,13:30-18:30",,,,,,,,,,,,,,,,,,,,,,,,,,,,,,,50.5361735,,,,yes,,,,Pharmacie Hody,,,,no,,,,,,,,,,,
,,pharmacy,,,,,,,,,,,,,,,,,4.1662192,,,,,,,,,,,,,,,,,,,,,,,,,,,,,,,,,50.4121942,,,,yes,,,,Pharmacie Hubert,,,,,,,,,,,,pharmacy,,,
,,pharmacy,,,,,,,,,,,,,,92,,,5.5900095,,"Mo-Fr 09:00-12:30, 14:00-18:30; Sa 09:00-12:30",,,,,,,,,,,,,,Avenue du Luxembourg,,,,,,,,,,,,,+32 4 3433961,,,,50.6221873,,,Liège,yes,,,,Pharmacie Hustinx,,,4020,,,,,,,,yes,pharmacy,,BE,
,,pharmacy,,,,,,,,,,,,,,544,,,4.9578026,,,,,,,,,,,,,,,,Route de Hannut,,,,,,,,,,,,,,,,,50.5054419,,,Gelbressée,yes,,,,Pharmacie Jassogne,,,5024,,,,,,,,,,,,
,,pharmacy,,,,,,,,,,,,,,,,,3.7799013,,,,,,,,,,,,,,,,Rue du Rat d'Eau,,,,,,,,,,,,,,,,,50.3618841,,,Athis,yes,,,,Pharmacie Jospin,,,7387,,,,,,,,yes,pharmacy,,,
,,pharmacy,,,,,,,,,,,,,,10,,,4.7597306,,,,,,,,,,,,,,,,Rue Auguste Renard,,,,,,,,,,,,,,,,,50.4348458,,,,house,,,,Pharmacie LAIME SPRL,,,,,,,,,,,,,,,
,,pharmacy,,,,,,,,,,,,,,19,,,4.8691380,,,,,,,,,,,,,,,,Rue de la Bruyère,,,,,,,,,,,,,,,,,50.7246640,,,,yes,,,,Pharmacie La Bruyère,,,,,,,,,,,,,,,
,,pharmacy,,,,,,,,,,,,,,,,,5.6968029,,,,,,,,,,,,,,,,,,,,,,,,,,,,,,,,,50.6259544,,,,yes,,,,Pharmacie La Sauvegarde,,,,,,,,,,,,,,,
,,pharmacy,,,,,,,,,,,,,,,,,5.6757309,,"Mo-Fr 09:00-12:30, 13:30-18:30; Sa 09:00-12:30",,,,,,,,,,,,,,,,https://www.aposite.be/337/index.cfm?CFID=82288904&CFTOKEN=68c9bbbb4f92ca34-FC091BED-2AAA-D282-F8F2C80AE8A9F4BA,,,,,,,,,,,+32 4 384 42 31,,,,50.4733385,,,,yes,,,,Pharmacie Laloux,,,,,,,1948,,,,yes,pharmacy,,,
,,pharmacy,,,,,,,,,,,,,,2,,,5.7226113,,,,,,,,,,,,,,,,Rue Gervais Toussaint,,,,,,,,,,,,,,,,,50.7133298,,,Dalhem,yes,,,,Pharmacie Lambert,,,4607,,,,,,,,,,,,
,,pharmacy,,,,,,,,,,,,,,162,,,5.6055870,,,,,,,,,,,,,,,,Rue Fraischamps,,,+32 4 344 15 96,,,,,,,,,,+32 4 343 34 30,,,,50.6298005,,,,,,,,Pharmacie Lambion-Lamalle,,,,,,,,,,,no,,,,
,,pharmacy,,,,,,,,,,,,,,22,,,5.3734590,,,,,,,,,,,,,,,,Place du Marché,,,,,,,,,,,,,+32 61 61 39 83,,,,50.0256685,,,Saint-Hubert,yes,,,,Pharmacie Laurent Delcourt,,,6870,,,,,,,,,,,,
,,pharmacy,,yes,,yes,,,,,,,,,,50,,,4.3785530,,"Mo-Fr 08:30 - 12:30, 13:30 - 18:30",,,Pharmacie Ledoux,,,,,,,,,,,Place Franklin Roosvelt,,,,,,,,,,,,,,,,,50.4605978,,,Courcelles,yes,,,,Pharmacie Ledoux,,,6180,yes,,,,,,,yes,,,,
,,pharmacy,,,,,,,,,,,,,,9,,7756653,4.4212542,,,,,,,,,,,,,,,,Avenue Platon - Platolaan,,,,,,,,,,,,,+32 2 726 50 68,,,,50.8619846,,,,yes,,,,Pharmacie Lefebvre sprl,,,,,,,,,,,,,,,
chemist,,pharmacy,,,,,,,,,,,,,,10,,,3.3420891,,,,,,,,,,,,,,,,Place,,,,,,,,,,,,,,,,,50.5501563,,,Rumes,house,,,,Pharmacie Lequenne,,,,,,,,,,,,,,,
,,pharmacy,,,,,,,,,,,,,,83,,8493941,4.4133816,,,,,,,,,,,,,,,,Avenue Robert Dalechamp - Robert Dalechamplaan,,,,,,,,,,,,,,,,,50.8499013,,,,yes,,,,Pharmacie Leruth,,,,yes,,,,,,,yes,,,,
,,pharmacy,,,,,,,,,,,,,,10,,,5.0055708,,,,,,,,,,,,,,,,Rue d'Eghezée,,,,,,,,,,,,,,,,,50.5714841,,,forville,yes,,,,Pharmacie Lloydspharma,,,5380,,,,,,,,yes,pharmacy,,,
,,pharmacy,,,,,,,,,,,,,,82,,8726897,4.4487452,,,,,,,,,,,,,,,,Avenue Émile Vandervelde - Émile Vanderveldelaan,,https://www.lloydspharma.be/,,,,,,,,,,,+32 2 770 46 26,,,,50.8473412,,,,yes,,,,Pharmacie Lloydspharma Remy Chapelle-aux-Champs SA,,,,,,,,,,,yes,,,,
,,pharmacy,,,,,,,,,,,,,,79 A,,,4.8059294,,,,,,,,,,,,,,,,Rue du Chainia,,http://www.pharmacieloise.be/,,,,,,,,,,,+32 81 56 60 46,,,,50.5485109,,,Meux,yes,,,,Pharmacie Loise-La-Bruyère,,,5081,yes,,,,,,,,,,,
,,pharmacy,,,,,,,,,,,,,,1,,,4.3872430,,"Mo-Fr 09:00-12:30,14:00-19:00; Sa 09:00-12:30",,,,,,,Pharmacien,,,,,,,Rue Saint-Martin,,http://www.pharmacie.cantigneaux.be,,,,,,,,,,,+32 71 21 31 81,,,,50.3217468,,,Ham-sur-Heure,yes,,,,Pharmacie Michel Cantigneaux,,,6120,,,,,,,,,,,,
,,pharmacy,,,,,,,,,,,,,,72,,,4.6003754,,"Mo-Fr 09:00-18:00, Sa 09:00-12:00",,,,,,,,,,,,,,Rue Jean Chot,,,,,,,,,,,,,,,,,50.0739685,,,Olloy-sur-Viroin,yes,,,,Pharmacie Molitor,,,5670,,,,,,,,,,,BE,
,,pharmacy,,,,,,,,,,,,,,54,,,4.8739057,,"Mo-Fr 08:30-12:30,13:30-20:00; Sa 08:00-14:00",,,,,,,,,,,,,,Avenue des Déportés,pharmacie.mouton@gmail.com,https://pharmaciemouton.pharmacollective.com/,,,,,,,,,,,+32 81 877112,,,,50.6453942,,,,yes,,,,Pharmacie Mouton,,,,,,,,,,,yes,pharmacy,,,
,,pharmacy,,,,,,,,,,,,,,73,,,5.1835050,,,,,,,,,,,,,,,,Rue du Centre,,,,,,,,,,,,,,,,,50.5506865,,,Moha,yes,,,,Pharmacie Multipharma,,,4520,,,,,,,,yes,,,,
,,pharmacy,,,,,,,,,,,,,,9,,,5.6144336,,,,,,,,,,,,,,,,Rue Neuve,phie.neuve@busmail.net,https://www.easypharm.be/fr/pharmacies/ch%C3%AAn%C3%A9e/pharmacie-neuve,,,,,,,,,,,+32 4 365 10 86,,,,50.6128103,,,Chênée,house,,,,Pharmacie Neuve,,,4032,,,,,,,,,,,BE,
,,pharmacy,,,,,,,,,,,,,,8,,,4.8047979,,,,,,,,,,,,,,,,Place Communale,,,,,,,,,,,,,+32 81 56 62 70,,,,50.5060466,,,Rhisnes,yes,,,,Pharmacie Nicodème,,,5080,,,,,,,,,,,BE,
,,pharmacy,,,,,,,,,,,,,,135,,,5.5905561,,,,,,,,,,,,,,,,Rue Haute-Wez,,,,,,,,,,,,,,,,,50.6264399,,,Grivegnée,yes,,,,Pharmacie Pahaut,,,4030,,,,,,,,,pharmacy,,BE,
,,pharmacy,,,,,,,,,,,Peers,,,8,,,3.2281048,,,,,,,,,,,,,,,,Place de la gare,,,,,,,,,,,,,,,,,50.7410985,,,Mouscron,yes,,,,Pharmacie Peers,,,7700,,,,,,,,yes,pharmacy,,,
,,pharmacy,,,,,,,,,,,,,,,,,5.2146953,,,,,,,,,,,,,,,,,,,,,,,,,,,,,,,,,50.5354448,,,,yes,,,,Pharmacie Pirenne,,,,,,,,,,,yes,pharmacy,,,
,,pharmacy,,,,,,,,,,,,,fr:Groupe PP Holding,,,,4.1601281,,,,,,,,,,,,Q1547749,,,,,,,,,,,,,Pharmacie Principale,,,,,,,,50.0267843,,,,yes,,,,Pharmacie Principale,,,,,,,,,,,yes,pharmacy,,,
,,pharmacy,,,,,,,,,,,,,,,,,4.9102726,,,,,,,,,,,,,,,,,,,,,,,,,,,,,,,,,50.5941625,,,,,,,,Pharmacie Pétré,,,,,,,,,,,no,pharmacy,,,
,,pharmacy,,,,,,,,,,,,,,3,,,4.4453360,,Tu-Sa 09:30-12:30; Mo-Fr 13:30-19:00; Sa 13:30-17:00,,,,,,,,,,,,,,Place du Centre,,,,,,,,,,,,,,,,,50.3238132,,,Nalinnes,yes,,,,Pharmacie Renard-Thauvin,,,6120,,,,,,,,yes,pharmacy,,,
,,pharmacy,,,,,,,,,,,,,,2A,,,5.7390749,,,,,,,,,local_knowledge,,,,,,,Route de Bastogne,,http://www.pharmamartelange.be,,,,,,,,,,,,,,,49.8342316,,,Martelange,yes,,,,Pharmacie Rosen-Renaudin,,,6630,,,,,,,,no,pharmacy,,BE,
,,pharmacy,,,,,,,,,,,,,,22,,8715446,4.4347209,,Mo-Fr 09:00-19:00; Sa 09:00-12:00,,,,,,,,,,,,,,Rue Voot - Vootstraat,,,,,,,,,,,,,,,,,50.8409826,,,,yes,,,,Pharmacie Saint-Lambert,,,,limited,,,,,,,yes,pharmacy,,,
,,pharmacy,,,,,,,,,,,,,,,,,4.8041201,,,,,,,,,,,,,,,,,,,,,,,,,,,,,,,,,50.6277017,,,,yes,,,,Pharmacie Santalis,,,,,,,,,,,,,,,
,,pharmacy,,,,,,,,,,,,,,,,,5.4845195,,,,,,,,,,,,,,,,,,,,,,,,,,,,,,,,,50.5430833,,,,yes,,,,Pharmacie Savenay,,,,,,,,,,,,,,,
,yes,pharmacy,,,,,,,,,yes,yes,,,,23 A,yes,,4.7790939,,,,,,,,,,,,,,,,Rue du Noly,labruyere@pharmacieservais.be,,,,,,,,,,yes,,+32 81 40 09 00,,,,50.5321763,,,La Bruyère,yes,,,,Pharmacie Servais,yes,,5081,,yes,,,,yes,,yes,,,BE,
,,pharmacy,,,,,,,,,,,,,,86,,,4.4001431,,Mo-Fr 09:00-19:00; Sa 09:00-18:00,,,,,,,,,,,,,,Chaussée de Nivelles,,,,,,,,,,,,,+32 2 384 24 57,,,,50.6825709,,,Braine l'Alleud,yes,,,,Pharmacie Servais,,,1420,,,,,,,,,,,,
,,pharmacy,,,,,,,,,,,,,,,,,4.3708683,,,,,,,,,,,,,,,,,,,,,,,,,,,,,,,,,50.6845840,,,,house,,,,Pharmacie Servais,,,,,,,,,,,no,,,,
,,pharmacy,,,,,,,,,,,,,,39,,,4.3930269,,"Mo-Fr 08:30-19:00, Sa 9:00-18:00",,,,,,,,,,,,,,Boulevard de la Cense,,,,,,,,,,,,,,,,,50.7108517,,,Waterloo,yes,,,,Pharmacie Servais,,,1410,,,,,,,,yes,,,BE,
,,pharmacy,,,,,,,,,,,,,,,,,4.8259857,,,,,,,,,,,,,,,,,,,,,,,,,,,,,,,,,50.6726144,,,,yes,,,,Pharmacie Servais,,,,,,,,,,,,,,,
,,pharmacy,,,,,,,,,,,,,,577,,,4.3615255,,Mo-Fr 08:30-19:00; Sa 9:00-18:00,,,,,,,,,,,,,,Chaussée d'Alsemberg,braine@pharmacieservais.be,,,,,,,,,,,,+32 2 386 45 00,,,,50.7000156,,,Braine-l'Alleud,yes,,,,Pharmacie Servais,,,1420,yes,,,,,,,yes,,,BE,
,,pharmacy,,,,,,,,,,,,,,10,,,4.6956496,,,,,,,,,,,,,,,,Rue des Combattants,,,,,,,,,,,,,,,,,50.6188988,,,,yes,,,,Pharmacie Servais,,,,,,,,,,,no,,,,
,,pharmacy,,,,,,,,,,,,,,629,,,5.5698063,,,,,,,,,,,,,,,,Rue Provinciale,,,,,,,,,,,,,,,,,50.7261351,,,Slins,yes,,,,Pharmacie Stassen-Bya,,,4450,,,,,,,,,pharmacy,,,
,,pharmacy,,,,,,,,,,,,,,23,,,4.9566207,,,,,,,,,,,,,,,,Avenue Albert Drossart,,,,,,,,,,,,,,,,,50.6816765,,,,house,,,,Pharmacie Straet,,,,,,,,,,,,pharmacy,,,
,,pharmacy,,,,,,,Andrimont,,,,,,,256,,,5.8823717,,,,,,,,,,,,,,,,Avenue du Centre,,,,,,,,,,,,,,,,,50.6126956,,,Dison,yes,,,,Pharmacie Tasquin,,,4821,,,,,,,,yes,pharmacy,,,
,,pharmacy,,,,,,,,,,,,,,44,,8695410,4.4175786,,,,,,,,,,,,,,,,Avenue Heydenberg - Heydenberglaan,,,,,,,,,,,,,,,,,50.8470752,,,,yes,,,,Pharmacie Vermijlen,,,,,,,,,,,yes,,,,
,,pharmacy,,,,,,,,,,,,,,156,,,5.5417640,2,"Mo-Fr 09:00-12:30,14:00-18:30; Sa 09:00-12:30",,,,,,,,,brick,,,,,Avenue des Marronniers,,http://www.pharmacie-vos.be,,,,,,,,,,,,,,,50.6232296,,,Saint-Nicolas,yes,,,,Pharmacie Vos,,,4420,,,,,,,,yes,pharmacy,tar_paper,,
,,pharmacy,no,,,,,,,,yes,,Voss-Richard sprl,yes,,24,,,5.3186730,,"Mo-Sa 09:00-12:00, Mo-Fr 13:30-19:00",,,,,,,,,,,,,,Rue des Stanges,,,,,,,,,,,,,,,,,50.6007117,,,Verlaine,yes,,,,Pharmacie Voss-Richard,,,4537,,,,,yes,,,yes,,,,
,,pharmacy,,,,,,,,,,,,,,26,,,5.2139411,,,,,,,,,,,,,,,,Rue des Bada,,,,,,,,,,,,,,,,,50.6420397,,,,yes,,,,Pharmacie Vrancken,,,,,,,,,,,,,,,
,,pharmacy,,,,,,,,,,,,,,1,,,4.3824040,,,,,,,,,,,,,,,,Rue Gouttier,,,,,,,,,,,,,+32 2 354 96 94,,,,50.7127820,,,Waterloo,yes,,,,Pharmacie Walravens,,,1410,,,,,,,,yes,,,BE,
,,pharmacy,,,,,,,,,,,,,,,,,4.2033495,,,,,,,,,,,,,,,,,,,,,,,,,,,,,,,,,50.4942772,,,,yes,,,,Pharmacie Wilquin,,,,,,,,,,,,,,,
,,pharmacy,,,,,,,,,,,,,,,,,4.5729757,,,,,,,,,,,,,,,,,,,,,,,,,,,,,,,,,50.6696555,,,,yes,,,,Pharmacie Wuiame,,,,,,,,,,,,pharmacy,,,
,,pharmacy,,,,,,,,,,,,,,2,,,4.3713335,,,,,,,,,,,,,,,,Avenue Léon Jourez,,,,,,,,,,,,,,,,,50.6840336,,,Braine-l'Alleud,yes,,,,Pharmacie centrale,,,1420,,,,,,,,,pharmacy,,,
,,pharmacy,,,,,http://www.pagesdor.be/dolembreux-dolembreux-4140/,,,,,,,,,4,,,5.6530372,,"Mo-Fr 09:00-12:30, 13:30-18:30; Sa 09:00-12:30",,+32 4 368 49 00,,,,,20cm-near PICC http://geoportail.wallonie.be 2015,,,,,,,Rue de l'Aérodrome,,,,,,,phcie.dolembreux@pharmasoft.be,,,,,,,,,,50.5396245,,,Sprimont,yes,,,+32 4 368 49 00,Pharmacie de Dolembreux,,,4140,,,,,,,,,,,,
,,pharmacy,,,,,,,,,,,,,,,,,5.1998369,,,,,,,,,,,,,,,,,,,,,,,,,,,,,,,,,50.6758300,,,,yes,,,,Pharmacie de Goeij,,,,,,,,,,,,,,,
,,pharmacy,,,,,,,,,,,,,,5,,,4.4119315,,"Mo-Fr 09:00-12:00, 13:30-18:45; Sa 09:00-12:00",,,,,,,,Pharmacie de Jamioulx,,,,,,Place communale,,,,,,,,,,,,,+32 71 21 33 44,,,,50.3527146,,,,yes,,,,Pharmacie de Jamioulx,,,6120,,,,,,,,,,,,
,,pharmacy,no,,,,,,,,,,Nicolas Bariseau,,,7,,,3.3856916,1,,,,,,,,,,,,,,,Rue du Vicinal,,,,,,,,,,,,,,,,,50.5478933,,,Wez-Velvain,yes,,,,Pharmacie de Wez,,,7620,,,,,,,,yes,pharmacy,,,
,,pharmacy,,,,,,,,,,,,,,4b,,,4.5718465,,,,,,,,,,,,,,,,Avenue Albert 1er,,,,,,,,,,,,,,,,,50.6841848,,,Limelette,yes,,,,Pharmacie de l'Europe,,,1342,,,,,,,,,,,BE,
,,pharmacy,,,,,,,,,,,,,,2,,,4.4690593,,,,,,,,,Bing,,,,,,,Rue de la Concorde,,,,,,,,,,,,,,,,,50.4167966,,,,yes,,,,Pharmacie de la Concorde,,,6061,,,,,,,,yes,,,,
,,pharmacy,,,,,,,,,,,,,,301,,,3.2193965,,,,,,,,,,,,,,,,Chaussée d'Aalbeke,,,,,,,,,,,,,,,,,50.7621298,,,Mouscon,yes,,,,Pharmacie de la Coquinie,,,7700,,,,,,,,,,,BE,
,,pharmacy,,,,,,,,,,,,,,8,,,4.5752554,,,,,,,,,,,,,,,,Avenue de la Gare,,,,,,,,,,,,,+32 10 41 37 83,,,,50.6921276,,,,yes,,,,Pharmacie de la Gare,,,,,,,,,,,,,,,
,,pharmacy,,,,,,,,,,,,,,9,,,4.3455303,,,,,,,,,,,,,,,,Square des Nations Unies,,,,,,,,,,,,,,,,,50.6016499,,,Nivelles,yes,,,,Pharmacie de la Maillebotte,,,1400,,,,,,,,yes,,,BE,
,,pharmacy,,,,,,,,,,,,,,,,,3.4076361,,,,,,,,,,,,,,,,,,,,,,,,,,,,,,,,,50.6050602,,,,yes,,,,Pharmacie des Bastions,,,,,,,,,,,yes,pharmacy,,,
,,pharmacy,,,,,,,,,,,,,,,,,5.3171985,,,,,,,,,,,,,,,,,,,,,,,,,,,,,,,,,50.5484550,,,,yes,,,,Pharmacie des Cloitres,,,,,,,,,,,,,,,
,,pharmacy,,,,,,,,,,,Laurence Delhamende,,,3,,,5.5709181,,Mo-Fr 09:00-18:30; Sa 09:00-12:30,,,,,,,,,,,,,,Place des Franchises,info@pharmaciedesfranchises.be,https://www.pharmaciedesfranchises.be/,+32 4 252 12 87,,,,,,,,,,+32 4 252 12 87,,,,50.6239772,,,Liège,house,,,,Pharmacie des Franchises,,,4000,,,,,,,,,,,BE,
,,pharmacy,,,,,,,,,,,,,,57,,,5.5579976,,,,,,,,,,,,,,,,Rue du Laveu,,,,,,,,,,,,,,,,,50.6318484,,,,yes,,,,Pharmacie du Laveu,,,4000,,,,,,,,yes,,,,
,,pharmacy,,,,,,,,,,,,,,,,,4.8648774,,,,,,,,,,,,,,,,Rue Saint-Jean,,,,,,,,,,,,,,,,,50.4630840,,,Namur,retail,,,,Pharmacie du Marché aux légumes,,,5000,,,,,,,,,,,,
,,pharmacy,,,,,,,,,,,,,,25,,8459595,4.3961678,,,,,,,,,,,,,,,,Place du Rinsdelle - Rinsdelleplein,,,,,,,,,,,,,,,,,50.8337789,,,,yes,,,,Pharmacie du Rinsdelle,,,,,,,,,,,yes,,,,
,,pharmacy,,,,,,,,,,,,,,,,,5.2903497,,,,,,,,,,,,,,,,,,,,,,,,,,,,,,,,,50.2212612,,,,yes,,,,Pharmacie du peuple,,,,,,,,,,,,,,,
,,pharmacy,,,,,,,,,,,,,,,,,5.6743345,,,,,,,,,,,,,,,,,,,,,,,,,,,,,,,,,50.6393313,,,,yes,,,,Pharmacy La Sauvegarde,,,,,,,,,,,,,,,
,,pharmacy,,,,,,,,,,,,,,60,,,5.1539056,,,,,,,,,,,,,,,,Chaussée d'Andenne,,,,,,,,,,,,,,,,,50.5073378,,,,yes,,,,Pharmagives,,,,,,,,,,,,,,,
,,pharmacy,,,,,,,,,,,,,,4,,,4.9489236,,,,,,,,,,,,,,,,Herentalsstraat,,,,,,,,,,,,,,,,,51.3220589,,,,yes,,,,Pijls,,,,,,,,,,,,,,,
,,pharmacy,,,,,,,,,,,,,,9,,,4.9384568,,,,,,,,,,,,,,,,Nieuwstraat,,,,,,,,,,,,,+32 16 81 16 06,,,,50.8071056,,,Tienen,yes,,,,Poleunis P,,,3300,,,,,,,,,,,BE,
,,pharmacy,,,,,,,,,,,,,,,,,4.6160788,,Mo-Sa 08:30-19:00,,,,,,,,,,,,,,,,,,room,,,,,,,,,+32 10 45 80 58,,,,50.6701851,,2,,,,,,Propharma,,,,,,,,,,,,,,,
,,pharmacy,,,,,,Bret-Gelieren,,,,,Houben H.,,,5,,,5.5204316,,"Mo-We 08:30-12:30, 13:30-19:00; Th 08:30-12:30; Fr 08:30-12:30, 13:30-19:00; Sa 08:30-12:30",,,,,,,,,,,,,,Richter,,,,,,,,Limburg,,,,,+32 89 30 62 08,,,,50.9738360,,,Genk,yes,,,,Richter,,,3600,,,,,,,,,,,BE,
,,pharmacy,,,,,,,,,,,,,,,,,3.2652061,,,,,,,,,,,,,,,,,,,,,,,,,,,,,,,,,50.7064244,,,,yes,,,,Scarcez,,,,,,,,,,,yes,pharmacy,,,
,,pharmacy,,,,,,,,,,,,,,3,,,4.9426794,,,,,,,,,,,,,,,,Kapucijnenplein,,,,,,,,,,,,,+32 16 81 25 61,,,,50.8048325,,,,yes,,,,Smets M,,,,,,,,,,,,,,,
,,pharmacy,,,,,,,,,,,,,,163,,,4.9590961,,,,,,,,,bing,,,,,,,Tiensesteenweg,,,,,,,,,,,,,,,,,50.8683678,,,Glabbeek,,,,,Spiritus,,,3380,,,,,,,,,,,BE,
,,pharmacy,,,,,,,,,,,,,,205,,,4.7187499,,,,,,,,,bing,,,,,,,Chaussée de Tirlemont,,,,,,,,,,,,,+32 81 61 33 60,,,,50.5895881,,,Sauvenière,yes,,,,Staumont LS Pharma,,,5030,,,,,,,,yes,pharmacy,,BE,
,,pharmacy,,,,,,,,,,,,,,297,,,3.1382910,,"Mo,Tu,We,Fr 09:00-12:15,14:00-18:30; Sa 09:00-12:15,14:00-18:00; Th off; Su off",,,,,,,,,,,,,,Kerkstraat,,,,,,,,,,,,,,,,,51.3071677,,,,yes,,,,Steevens Filip,,,,,,,,,,,,,,,
,,pharmacy,,,,,,,,,,,,,,623,,,4.3637740,,,,,,,,,,,,,,,,Rue de Gozée,,,,,,,,,,,,,+32 71 51 63 32,,,,50.3664535,,,,house,,,,Stenuit,,,,,,,,,,,yes,,,,
,,pharmacy,,,,,,,,,,,,,,417,,,4.4717812,,,,,,,,,,,,,,,,Herentalsebaan,,,,,,,,,,,,,,,,,51.2058191,,,,house,,,,Stockman,,,,,,,,,,,,,,,
,,pharmacy,,,,,,,,,,,,,,33-35,,,4.8392871,,,,,,,,,,,,,,,,Ring,,,,,,,,,,,,,,,,,51.1395981,,,Noorderwijk,yes,,,,Swijzen,,,2200,,,,,,,,,,,,
,,pharmacy,,,,,,,Oplinter,,,,,,,45,,,4.9906228,,,,,,,,,,,,,,,,Sint-Genovevaplein,,,,,,,,,,,,,+32 16 81 46 93,,,,50.8290507,,,Tienen,yes,,,,Tanghe S,,,3300,,,,,,,,,,,BE,
,,pharmacy,,,,,,,,,,,,,,557,,,3.6804299,,"Mo-Fr 08:30-12:30,14:00-19:00; Sa 08:30-12:30; PH off",,,,,,,,,,,,,,Brugsesteenweg,,,,,,,,,,,,,+32 9 226 34 74,,,,51.0726178,,,Mariakerke,yes,,,,Tanghe-De Clercq,,,9030,,,,,,,,,pharmacy,,,
,,pharmacy,,,,,,,,,,,Stefaan Van Meel,,,132,,,3.7302994,,Mo-Fr 08:30-19:00,,,,,,,,,,,,,,Tentoonstellingslaan,,,,,,,,,,,,,+32 9 225 20 24,,,,51.0385881,,,Gent,yes,,,,Ter Platen,,,9000,,,,,,,,,,,,
,,pharmacy,,,,,,,,,,,,,,16,,,4.5768190,,,,,,,,,,,,,,,,Brugstraat,,https://www.apotheekthiers.be/,,,,,,,,,,,+32 3 636 07 15,,,,51.2937534,,,Brecht,yes,,,,Thiers,,,,,,,,,,,,,,,
,,pharmacy,,,,,,,,,,,,,,5,,,4.9366447,,,,,,,,,,,,,,,,Grote Markt,,,,,,,,,,,,,+32 16 81 15 37,,,,50.8081274,,,Tienen,yes,,,,Tom Willems,,,3300,,,,,,,,,,,BE,
,,pharmacy,,,,,,,,,,,,,,112,,,4.9349715,,,,,,,,,,,,,,,,Gilainstraat,,,,,,,,,,,,,+32 16 81 21 08,,,,50.8120428,,,Tienen,yes,,,,Tourwé D,,,3300,,,,,,,,,,,BE,
,,pharmacy,,,,,,,,,,,,,,326,,,4.6874053,,,,,,,,,,,,,,,,Antwerpsesteenweg,,https://www.apotheektuytelaars.be/,,,,,,,,,,,,,,,51.2974537,,,Westmalle,yes,,,,Tuytelaars,,,2390,,,,,,,,,,,,
,,pharmacy,,,,,,,,,,,,,,24,,,5.8132806,,,,,,,,,,,,,,,,Place du Perron,,,,,,,,,,,,,,,,,50.5356304,,,,yes,,,,V. Pharma n°13 - Nadenoen,,,,limited,,,,,,,,,,,
,,pharmacy,,,,,,,,,,,,,,220,,,6.0139990,,"Mo-Fr 08:45-12:15, 13:30-18:00; Sa 08:45-12:15",,+32 87 659112,,,,,,,,,,,,Lütticher Straße,,,,,,,,,,,,,,,,,50.7145641,,,Kelmis,yes,,,,V.PHARMA Kefer,,,4720,,,,,,,,,,,,
,,pharmacy,,,,,,,,,,,,,,44,,,6.0120451,,"Mo-Fr 09:00-12:00, 13:00-18:00; Sa 09:00-12:30",,+32 87 659059,,,,,,,,,,,,Kirchstraße,,,,,,,,,,,,,,,,,50.7164283,,,Kelmis,yes,,,,V.Pharma Pauquay S.,,,4720,,,,,,,,yes,,,BE,
,,pharmacy,,,,,,,,,,,,,,8,,,5.3369538,,,,,,,,,,,,,,,,Guffenslaan,,,,,,,,,,,,,,,,,50.9273688,,,Hasselt,yes,,,,VANSTRAELEN,,,3500,,,,,,,,,,,,
,,pharmacy,,,,,,,,,,,,,,256,,,5.8865849,,,,,,,,,,,,,,,,Avenue Reine Astrid,,,,,,,,,,,,,,,,,50.5833748,,,,yes,,,,Valérie Mathonet,,,,,,,,,,,,,,,
,,pharmacy,,,,,,,,,,,,,,37,,,4.6823994,,,,,,,,,,,,,,,,Nijlensesteenweg,,,,,,,,,,,,,,,,,51.1395766,,,,house,,,,Van Herck,,,,,,,,,,,,,,,
,,pharmacy,,,,,,,,,,,,,,59,,,4.9367776,,,,,,,,,,,,,,,,Gilainstraat,,,,,,,,,,,,,+32 16 81 26 59,,,,50.8101880,,,Tienen,yes,,,,Van Molhem S,,,3300,,,,,,,,,,,BE,
,,pharmacy,,,,,,,,,,,,,,12,,,2.7261442,,,,,,,,,,,,,,,,Grote Markt,,,,,,,,,,,,,,,,,50.8553963,,,,house,,,,Van Nielandt,,,8970,,,,,,,,,,,,
,,pharmacy,,,,,,,,,,,,,,2,,,4.8600989,,,,,,,,,,,,,,,,Oosterwijkseweg,,,,,,,,,,,,,,,,,51.1427531,,,Olen,yes,,,,Van Schoubroeck,,,2250,,,,,,,,,,,,
,,pharmacy,no,,,,,,,,,,,,,314,,,4.4274319,,,,,,,,,,,,,,,,Prins Boudewijnlaan,,,,,,,,,,,,,,,,,51.1633683,,,Edegem,house,,,,Van Speybroeck,,,2650,,,,,,,,,pharmacy,,BE,
,,pharmacy,,,,,,,,,,,,,,38,,,3.6062319,,,,,,,,,,,,,,,,Ninovestraat,,,,,,,,,,,,,,,,,50.7503885,,,Ronse,house,,,,Van Tieghem,,,9600,,,,,,,,,pharmacy,,,
,,pharmacy,,,,,,,,,,,,,,11,,,5.5726518,,Mo-Fr 09:30-18:00; Sa 10:15-18:00,,+32 4 2232839,,,,,,,,,,,,Rue Saint Paul,,,,,,,,,,,,,,,,,50.6402290,,,Liège,yes,,,,Van Wissen,,,4000,,,,,,,,yes,pharmacy,,,
,,pharmacy,,,,,,,,,,,,,,107,,,4.7617043,,,,,,,,,,,,,,,,Tiensesteenweg,,,,,,,,,,,,,,,,,50.8629457,,,,yes,,,,Vanbelle,,,3360,,,,,,,,yes,,,,
,,pharmacy,,,,,,,,,,,,,,18,,,3.2866949,,,,,,,,,,,,,,,,Statiestraat,,,,,,,,,,,,,,,,,50.9515648,,,Meulebeke,yes,,,,Vandevelde,,,8760,,,,,,,,,,,,
,,pharmacy,,,,,,,,,,,,,,13,,,3.7142481,,"Mo-Fr 08:30-12:30,13:30-19:00",,,,,,,,,,,,,Gbg/46250,Sint-Pietersaalststraat,,,,,,,,,,,,,,,,,51.0310796,,,,yes,,,,Vandewalle,,,,,,,,,,2005-11-15,yes,pharmacy,,,
,,pharmacy,,,,,,,Vissenaken,,,,,,,615,,,4.9162064,,,,,,,,,,,,,,,,Aarschotsesteenweg,,,,,,,,Vlaams-Brabant,,,,,+32 16 81 52 87,,,,50.8396355,,,Tienen,house,,,,Vandewyer G,,,3300,,,,,,,,yes,,,BE,
,,pharmacy,,,,,,,,,,,,,,37,,,4.6299476,,,,,,,,,,,,,,,,Stationsstraat,,,,,,,,,,,,,,,,,50.9012670,,,,yes,,,,Veltem- Pharma,,,,,,,,,,,yes,,,,
,,pharmacy,,,,,,,,,,,,,,39,,,3.2839700,,,,,,,,,,,,,,,,Kasteelstraat,,,,,,,,,,,,,,,,,50.9499879,,,Meulebeke,yes,,,,Verhoeve,,,8760,,,,,,,,,,,,
,,pharmacy,,,,,,,,,,,,,,54,,,3.2121867,,,,,,,,,,,,,,,,Bruggestraat,,,,,,,,,,,,,,,,,51.0379866,,,Zwevezele,yes,,,,Verstraete,,,8750,,,,,,,,,,,,
,,pharmacy,,,,,,,,,,,,,,380,,,4.7354682,,,,,,,,,,,,,,,,Diestsesteenweg,,,,,,,,,,,,,,,,,50.8848461,,,,house,,,,Verthongen,,,,,,,,,,,,,,,
,,pharmacy,,,,,,,,,,,,,,,,,4.7350184,,,,,,,,,,,,,,,,,,,,,,,,,,,,,,,,,50.8813369,,,,yes,,,,Vivantia,,,,,,,,,,,,,,,
,,pharmacy,,,,,,,,,,,,,,38,,,3.8768704,,,,,,,,,,,,,,,,Grotestraat,,,,,,,,,,,,,,,,,50.7715803,,,Geraardsbergen,yes,,,,Vogels-Callebaut,,,9500,,,,,,,,yes,pharmacy,,,
,,pharmacy,,,,,,,,,,,,,,46,,,3.0643596,,Mo-Fr 08:30-12:15; Mo-We 13:45-19:00; Fr 13:45-19:00; Sa 08:30-12:00,,,,,,,,,,,,,,Roeselarestraat,,,,,,,,,,,,,,,,,50.9425673,,,,yes,,,,Walcarius,,,,,,,,,,,,,,,
,,pharmacy,,,,,,,,,,,Lieve Waerniers,,,7,,,5.3360835,,"Mo-Fr 08:30-12:00,13:30-18:30, Sa 8:30-12:30",,,,,,,,,,,,,,Dorpsstraat,,,,,,,,Limburg,,,,,+32 12 74 14 43,,,,50.8407691,,,Wellen,yes,,,,Wellen,,,3830,,,,,,,,,,,BE,
,,pharmacy,,,,,,,,,,,Vanden Berghe,,,138,,,3.1150502,,,,,,,,,,,,,,,,Westlaan,info@westlaanapotheek.be,,,,,,,,,,,,+32 51 20 20 93,,,,50.9413142,,,,yes,,,,Westlaan Apotheek,,,,,,,,,,,,,,,
,,pharmacy,,,,,,,,,,,Zwitserse Apotheek,,,1,,,4.4521644,,,,,,,,,,,,,,,,Luitenant Lippenslaan,,,,,,,,,,,,,,,,,51.2099711,,,,yes,,,,Zwitserse Apotheek,,,,,,,,,,,,,,,
,,pharmacy,,,,,,,,,,,,,,25,,,4.7605110,,,,,,,,,,,,,,,,Dorp,,,,,,,,,,,,,,,,,51.3484851,,,Rijkevorsel,yes,,,,apotheek De Schrijver,,,2310,,,,,,,,,,,,
,,pharmacy,,,,,,,,,,,,,,1,,,4.7018348,,,,,,,,,,,,,,,,Bierbeekstraat,,https://apotheekmeerdaal.be/,,,,,,,,,,,,,,,50.8264438,,,,yes,,,,apotheek Meerdaal,,,,,,,,,,,,,,,
,,pharmacy,,,,,,,,,,,,,,6,,,5.0708006,,,,,,,,,,,,,,,,Rue de la Maladrerie,,,,,,,,,,,,,,,,,49.7950117,,,,yes,,,,pharmacie Saint Flouzain l'odorant,,,,,,,,,,,,pharmacy,,,
,,pharmacy,,,,,,,,,,,Mees,,,193,,,5.3463652,,"Mo-Fr 09:00-12:30, 13:30-18:30; Sa 09:00-12:30",,,,,,,,,,,,,,Luikersteenweg,,https://www.apotheekmees.be/,,,,,,Limburg,,,,,+32 11 27 11 06,,,,50.9170617,,,Hasselt,yes,,,,van Gorp,,,3500,,,,,,,,,,,BE,
